Index,EntryIndex,Timestamp,ServingCellID,NeighborCellID,Neighbor_Avg_RSRP,Neighbor_Avg_RSRQ,Neighbor_Avg_SINR
1,3,80 01:33:00.850,5,8,0,0,17
2,3,80 01:33:00.850,5,6,0,0,4.5
3,3,80 01:33:00.850,5,2,0,0,4
4,3,80 01:33:00.850,5,3,0,0,0
5,3,80 01:33:00.850,5,4,0,0,0
6,3,80 01:33:00.850,5,9,0,0,4.5
7,3,80 01:33:00.850,5,12,0,0,0
8,3,80 01:33:00.850,5,13,0,0,10
9,3,80 01:33:00.850,5,15,0,0,0
10,3,80 01:33:00.850,5,14,0,0,0
1,4,80 04:21:33.489,13,5,0,0,10
2,4,80 04:21:33.489,13,8,0,0,6
3,4,80 04:21:33.489,13,6,0,0,0
4,4,80 04:21:33.489,13,9,0,0,0
5,4,80 04:21:33.489,13,4,0,0,0
6,4,80 04:21:33.489,13,10,0,0,0
7,4,80 04:21:33.489,13,14,0,0,0
8,4,80 04:21:33.489,13,3,0,0,0
1,5,80 04:21:33.490,8,11,0,0,15
2,5,80 04:21:33.490,8,2,0,0,3
3,5,80 04:21:33.490,8,5,0,0,0
4,5,80 04:21:33.490,8,15,0,0,0
5,5,80 04:21:33.490,8,3,0,0,0
6,5,80 04:21:33.490,8,4,0,0,0
7,5,80 04:21:33.490,8,13,0,0,0
8,5,80 04:21:33.490,8,7,0,0,0
1,6,80 04:21:33.490,13,5,0,0,24.5
2,6,80 04:21:33.490,13,3,0,0,1
3,6,80 04:21:33.490,13,9,0,0,0
4,6,80 04:21:33.490,13,6,0,0,0.5
5,6,80 04:21:33.490,13,8,0,0,6
6,6,80 04:21:33.490,13,4,0,0,0
7,6,80 04:21:33.490,13,10,0,0,0
8,6,80 04:21:33.490,13,7,0,0,0
9,6,80 04:21:33.490,13,12,0,0,0
1,8,80 04:21:33.491,9,5,0,0,5.333333333333333
2,8,80 04:21:33.491,9,10,0,0,0
3,8,80 04:21:33.491,9,2,0,0,0
4,8,80 04:21:33.491,9,3,0,0,11
5,8,80 04:21:33.491,9,13,0,0,0
6,8,80 04:21:33.491,9,8,0,0,0
7,8,80 04:21:33.491,9,14,0,0,1.6666666666666667
8,8,80 04:21:33.491,9,15,0,0,0
9,8,80 04:21:33.491,9,6,0,0,8.5
10,8,80 04:21:33.491,9,7,0,0,0
11,8,80 04:21:33.491,9,12,0,0,0
1,10,80 04:21:33.493,9,6,0,0,11.5
2,10,80 04:21:33.493,9,14,0,0,0
3,10,80 04:21:33.493,9,8,0,0,0
4,10,80 04:21:33.493,9,7,0,0,0
5,10,80 04:21:33.493,9,5,0,0,2
6,10,80 04:21:33.493,9,10,0,0,0
7,10,80 04:21:33.493,9,2,0,0,0
8,10,80 04:21:33.493,9,13,0,0,0
9,10,80 04:21:33.493,9,3,0,0,15
10,10,80 04:21:33.493,9,11,0,0,0
1,12,80 04:21:33.493,9,5,0,0,14.75
2,12,80 04:21:33.493,9,3,0,0,15.5
3,12,80 04:21:33.493,9,10,0,0,0.5
4,12,80 04:21:33.493,9,13,0,0,0
5,12,80 04:21:33.493,9,14,0,0,1.6666666666666667
6,12,80 04:21:33.493,9,2,0,0,5.25
7,12,80 04:21:33.493,9,4,0,0,0
8,12,80 04:21:33.493,9,7,0,0,0
9,12,80 04:21:33.493,9,6,0,0,15
10,12,80 04:21:33.493,9,8,0,0,0
11,12,80 04:21:33.493,9,11,0,0,0
12,12,80 04:21:33.493,9,15,0,0,0
1,13,80 04:21:33.493,5,13,0,0,27.5
2,13,80 04:21:33.493,5,3,0,0,13.5
3,13,80 04:21:33.493,5,8,0,0,5.5
4,13,80 04:21:33.493,5,9,0,0,6
5,13,80 04:21:33.493,5,11,0,0,0
6,13,80 04:21:33.493,5,10,0,0,0
7,13,80 04:21:33.493,5,2,0,0,4.5
8,13,80 04:21:33.493,5,6,0,0,0
9,13,80 04:21:33.493,5,14,0,0,0
10,13,80 04:21:33.493,5,15,0,0,0
1,15,80 04:21:33.494,12,2,0,0,9
2,15,80 04:21:33.494,12,4,0,0,6
3,15,80 04:21:33.494,12,7,0,0,0
4,15,80 04:21:33.494,12,10,0,0,0
5,15,80 04:21:33.494,12,11,0,0,0
6,15,80 04:21:33.494,12,9,0,0,0
7,15,80 04:21:33.494,12,13,0,0,0
8,15,80 04:21:33.494,12,6,0,0,0
1,16,80 04:21:33.494,12,4,0,0,12
2,16,80 04:21:33.494,12,2,0,0,6
3,16,80 04:21:33.494,12,10,0,0,0
4,16,80 04:21:33.494,12,7,0,0,0
5,16,80 04:21:33.494,12,9,0,0,0
6,16,80 04:21:33.494,12,11,0,0,0
7,16,80 04:21:33.494,12,6,0,0,0
8,16,80 04:21:33.494,12,14,0,0,0
1,17,80 04:21:33.495,12,4,0,0,12
2,17,80 04:21:33.495,12,2,0,0,6
3,17,80 04:21:33.495,12,10,0,0,0
4,17,80 04:21:33.495,12,7,0,0,0
5,17,80 04:21:33.495,12,11,0,0,0
6,17,80 04:21:33.495,12,9,0,0,0
7,17,80 04:21:33.495,12,6,0,0,0
8,17,80 04:21:33.495,12,13,0,0,0
1,18,80 04:21:33.496,12,4,0,0,32
2,18,80 04:21:33.496,12,2,0,0,8
3,18,80 04:21:33.496,12,10,0,0,0
4,18,80 04:21:33.496,12,7,0,0,0
5,18,80 04:21:33.496,12,9,0,0,0
6,18,80 04:21:33.496,12,11,0,0,0
7,18,80 04:21:33.496,12,6,0,0,0
8,18,80 04:21:33.496,12,13,0,0,0
1,19,80 04:21:33.497,9,5,0,0,12
2,19,80 04:21:33.497,9,2,0,0,7.666666666666667
3,19,80 04:21:33.497,9,8,0,0,1.75
4,19,80 04:21:33.497,9,7,0,0,0
5,19,80 04:21:33.497,9,11,0,0,0
6,19,80 04:21:33.497,9,4,0,0,0
7,19,80 04:21:33.497,9,14,0,0,0.75
8,19,80 04:21:33.497,9,6,0,0,7.666666666666667
9,19,80 04:21:33.497,9,3,0,0,6.5
10,19,80 04:21:33.497,9,13,0,0,2.3333333333333335
11,19,80 04:21:33.497,9,10,0,0,0
12,19,80 04:21:33.497,9,15,0,0,0
1,20,80 04:21:33.497,7,3,0,0,9
2,20,80 04:21:33.497,7,4,0,0,9.25
3,20,80 04:21:33.497,7,6,0,0,0
4,20,80 04:21:33.497,7,8,0,0,0
5,20,80 04:21:33.497,7,5,0,0,0
6,20,80 04:21:33.497,7,11,0,0,0
7,20,80 04:21:33.497,7,14,0,0,0
8,20,80 04:21:33.497,7,2,0,0,0
9,20,80 04:21:33.497,7,15,0,0,4
10,20,80 04:21:33.497,7,12,0,0,0
11,20,80 04:21:33.497,7,10,0,0,0
12,20,80 04:21:33.497,7,13,0,0,0
13,20,80 04:21:33.497,7,9,0,0,0
1,21,80 04:21:33.497,12,4,0,0,36
2,21,80 04:21:33.497,12,2,0,0,2
3,21,80 04:21:33.497,12,10,0,0,0
4,21,80 04:21:33.497,12,11,0,0,0
5,21,80 04:21:33.497,12,7,0,0,0
6,21,80 04:21:33.497,12,9,0,0,0
7,21,80 04:21:33.497,12,6,0,0,0
8,21,80 04:21:33.497,12,13,0,0,0
1,22,80 04:21:33.498,14,6,0,0,10
2,22,80 04:21:33.498,14,9,0,0,7
3,22,80 04:21:33.498,14,10,0,0,0
4,22,80 04:21:33.498,14,2,0,0,0
5,22,80 04:21:33.498,14,5,0,0,0
6,22,80 04:21:33.498,14,7,0,0,0
7,22,80 04:21:33.498,14,11,0,0,0
8,22,80 04:21:33.498,14,15,0,0,0
1,24,80 04:21:33.499,13,5,0,0,20
2,24,80 04:21:33.499,13,8,0,0,2
3,24,80 04:21:33.499,13,6,0,0,0
4,24,80 04:21:33.499,13,9,0,0,0
5,24,80 04:21:33.499,13,3,0,0,0
6,24,80 04:21:33.499,13,7,0,0,0
7,24,80 04:21:33.499,13,10,0,0,0
8,24,80 04:21:33.499,13,11,0,0,0
9,24,80 04:21:33.499,13,14,0,0,0
10,24,80 04:21:33.499,13,2,0,0,0
11,24,80 04:21:33.499,13,15,0,0,0
1,25,80 04:21:33.499,7,4,0,0,5.5
2,25,80 04:21:33.499,7,8,0,0,1.3333333333333333
3,25,80 04:21:33.499,7,9,0,0,0
4,25,80 04:21:33.499,7,14,0,0,0
5,25,80 04:21:33.499,7,2,0,0,0
6,25,80 04:21:33.499,7,5,0,0,0
7,25,80 04:21:33.499,7,3,0,0,5.25
8,25,80 04:21:33.499,7,10,0,0,0
9,25,80 04:21:33.499,7,15,0,0,0
10,25,80 04:21:33.499,7,12,0,0,0
11,25,80 04:21:33.499,7,13,0,0,0
12,25,80 04:21:33.499,7,11,0,0,6
13,25,80 04:21:33.499,7,6,0,0,0
1,26,80 04:21:33.499,13,5,0,0,19.333333333333332
2,26,80 04:21:33.499,13,9,0,0,0
3,26,80 04:21:33.499,13,6,0,0,0
4,26,80 04:21:33.499,13,8,0,0,1.6666666666666667
5,26,80 04:21:33.499,13,3,0,0,0
6,26,80 04:21:33.499,13,7,0,0,0
7,26,80 04:21:33.499,13,11,0,0,0
8,26,80 04:21:33.499,13,10,0,0,0
9,26,80 04:21:33.499,13,2,0,0,0
10,26,80 04:21:33.499,13,15,0,0,0
11,26,80 04:21:33.499,13,14,0,0,0
1,27,80 04:21:33.500,13,5,0,0,16.666666666666668
2,27,80 04:21:33.500,13,6,0,0,1.5
3,27,80 04:21:33.500,13,8,0,0,3
4,27,80 04:21:33.500,13,9,0,0,0
5,27,80 04:21:33.500,13,3,0,0,0
6,27,80 04:21:33.500,13,7,0,0,0
7,27,80 04:21:33.500,13,10,0,0,0
8,27,80 04:21:33.500,13,12,0,0,0
9,27,80 04:21:33.500,13,2,0,0,0
10,27,80 04:21:33.500,13,15,0,0,0
11,27,80 04:21:33.500,13,14,0,0,0
12,27,80 04:21:33.500,13,11,0,0,0
1,28,80 04:21:33.500,5,13,0,0,14.75
2,28,80 04:21:33.500,5,8,0,0,4.25
3,28,80 04:21:33.500,5,9,0,0,2.5
4,28,80 04:21:33.500,5,10,0,0,0
5,28,80 04:21:33.500,5,2,0,0,2.25
6,28,80 04:21:33.500,5,14,0,0,0
7,28,80 04:21:33.500,5,3,0,0,6.333333333333333
8,28,80 04:21:33.500,5,7,0,0,0
9,28,80 04:21:33.500,5,15,0,0,0
10,28,80 04:21:33.500,5,6,0,0,0
11,28,80 04:21:33.500,5,11,0,0,0
12,28,80 04:21:33.500,5,12,0,0,0
1,29,80 04:21:33.500,14,6,0,0,19.5
2,29,80 04:21:33.500,14,10,0,0,6
3,29,80 04:21:33.500,14,9,0,0,6
4,29,80 04:21:33.500,14,5,0,0,0
5,29,80 04:21:33.500,14,15,0,0,0
6,29,80 04:21:33.500,14,11,0,0,0
7,29,80 04:21:33.500,14,3,0,0,0
8,29,80 04:21:33.500,14,2,0,0,0
9,29,80 04:21:33.500,14,8,0,0,0
1,30,80 04:21:33.500,9,6,0,0,11.333333333333334
2,30,80 04:21:33.500,9,8,0,0,2
3,30,80 04:21:33.500,9,5,0,0,5.25
4,30,80 04:21:33.500,9,4,0,0,0
5,30,80 04:21:33.500,9,14,0,0,0
6,30,80 04:21:33.500,9,10,0,0,0
7,30,80 04:21:33.500,9,2,0,0,2.25
8,30,80 04:21:33.500,9,12,0,0,0
9,30,80 04:21:33.500,9,3,0,0,4.5
10,30,80 04:21:33.500,9,13,0,0,1.6666666666666667
11,30,80 04:21:33.500,9,11,0,0,0
12,30,80 04:21:33.500,9,15,0,0,0
13,30,80 04:21:33.500,9,7,0,0,0
1,32,80 04:21:33.501,9,2,0,0,6
2,32,80 04:21:33.501,9,5,0,0,4.75
3,32,80 04:21:33.501,9,6,0,0,14.333333333333334
4,32,80 04:21:33.501,9,8,0,0,0.6666666666666666
5,32,80 04:21:33.501,9,11,0,0,0
6,32,80 04:21:33.501,9,12,0,0,0
7,32,80 04:21:33.501,9,4,0,0,0
8,32,80 04:21:33.501,9,7,0,0,0
9,32,80 04:21:33.501,9,13,0,0,1
10,32,80 04:21:33.501,9,3,0,0,4.5
11,32,80 04:21:33.501,9,10,0,0,0
12,32,80 04:21:33.501,9,14,0,0,0
13,32,80 04:21:33.501,9,15,0,0,0
1,33,80 04:21:33.501,14,6,0,0,17
2,33,80 04:21:33.501,14,2,0,0,0
3,33,80 04:21:33.501,14,10,0,0,0
4,33,80 04:21:33.501,14,5,0,0,0
5,33,80 04:21:33.501,14,8,0,0,0
6,33,80 04:21:33.501,14,9,0,0,2
7,33,80 04:21:33.501,14,15,0,0,0
8,33,80 04:21:33.501,14,11,0,0,0
9,33,80 04:21:33.501,14,3,0,0,0
1,35,80 04:21:33.502,5,13,0,0,11.5
2,35,80 04:21:33.502,5,9,0,0,4
3,35,80 04:21:33.502,5,8,0,0,7.5
4,35,80 04:21:33.502,5,2,0,0,0
5,35,80 04:21:33.502,5,6,0,0,0
6,35,80 04:21:33.502,5,15,0,0,0
7,35,80 04:21:33.502,5,11,0,0,0
8,35,80 04:21:33.502,5,10,0,0,0
9,35,80 04:21:33.502,5,3,0,0,7
10,35,80 04:21:33.502,5,7,0,0,0
11,35,80 04:21:33.502,5,4,0,0,0
12,35,80 04:21:33.502,5,14,0,0,0
13,35,80 04:21:33.502,5,12,0,0,0
1,36,80 04:21:33.502,14,6,0,0,22
2,36,80 04:21:33.502,14,9,0,0,2
3,36,80 04:21:33.502,14,5,0,0,0
4,36,80 04:21:33.502,14,10,0,0,0
5,36,80 04:21:33.502,14,15,0,0,0
6,36,80 04:21:33.502,14,11,0,0,0
7,36,80 04:21:33.502,14,2,0,0,0
8,36,80 04:21:33.502,14,3,0,0,0
9,36,80 04:21:33.502,14,8,0,0,0
1,37,80 04:21:33.502,12,7,0,0,3
2,37,80 04:21:33.502,12,2,0,0,2
3,37,80 04:21:33.502,12,10,0,0,0.5
4,37,80 04:21:33.502,12,4,0,0,5.5
5,37,80 04:21:33.502,12,11,0,0,0
6,37,80 04:21:33.502,12,5,0,0,0
7,37,80 04:21:33.502,12,14,0,0,0
8,37,80 04:21:33.502,12,6,0,0,0
9,37,80 04:21:33.502,12,9,0,0,0
10,37,80 04:21:33.502,12,15,0,0,0
11,37,80 04:21:33.502,12,8,0,0,0
1,38,80 04:21:33.503,2,4,0,0,9.666666666666666
2,38,80 04:21:33.503,2,7,0,0,6.5
3,38,80 04:21:33.503,2,12,0,0,0
4,38,80 04:21:33.503,2,10,0,0,0
5,38,80 04:21:33.503,2,11,0,0,0
6,38,80 04:21:33.503,2,5,0,0,0
7,38,80 04:21:33.503,2,8,0,0,0
8,38,80 04:21:33.503,2,3,0,0,3
9,38,80 04:21:33.503,2,6,0,0,4.5
10,38,80 04:21:33.503,2,15,0,0,0
11,38,80 04:21:33.503,2,14,0,0,0
12,38,80 04:21:33.503,2,13,0,0,0
1,39,80 04:21:33.503,9,3,0,0,10
2,39,80 04:21:33.503,9,2,0,0,22
3,39,80 04:21:33.503,9,5,0,0,6
4,39,80 04:21:33.503,9,8,0,0,0.3333333333333333
5,39,80 04:21:33.503,9,13,0,0,1
6,39,80 04:21:33.503,9,4,0,0,0
7,39,80 04:21:33.503,9,6,0,0,8.333333333333334
8,39,80 04:21:33.503,9,7,0,0,0
9,39,80 04:21:33.503,9,14,0,0,0
10,39,80 04:21:33.503,9,11,0,0,0
11,39,80 04:21:33.503,9,10,0,0,0
12,39,80 04:21:33.503,9,12,0,0,0
13,39,80 04:21:33.503,9,15,0,0,0
1,40,80 04:21:33.503,12,10,0,0,4.5
2,40,80 04:21:33.503,12,11,0,0,1.5
3,40,80 04:21:33.503,12,2,0,0,2
4,40,80 04:21:33.503,12,5,0,0,1
5,40,80 04:21:33.503,12,4,0,0,5.5
6,40,80 04:21:33.503,12,7,0,0,0
7,40,80 04:21:33.503,12,9,0,0,0
8,40,80 04:21:33.503,12,14,0,0,0
9,40,80 04:21:33.503,12,15,0,0,0
10,40,80 04:21:33.503,12,3,0,0,0
1,41,80 04:21:33.503,8,13,0,0,4.666666666666667
2,41,80 04:21:33.503,8,3,0,0,4.666666666666667
3,41,80 04:21:33.503,8,5,0,0,4
4,41,80 04:21:33.503,8,15,0,0,0
5,41,80 04:21:33.503,8,4,0,0,2
6,41,80 04:21:33.503,8,10,0,0,0
7,41,80 04:21:33.503,8,2,0,0,0
8,41,80 04:21:33.503,8,9,0,0,0
9,41,80 04:21:33.503,8,11,0,0,18
10,41,80 04:21:33.503,8,7,0,0,0
1,42,80 04:21:33.504,12,4,0,0,10
2,42,80 04:21:33.504,12,10,0,0,0
3,42,80 04:21:33.504,12,5,0,0,1.5
4,42,80 04:21:33.504,12,9,0,0,0
5,42,80 04:21:33.504,12,11,0,0,0
6,42,80 04:21:33.504,12,2,0,0,0
7,42,80 04:21:33.504,12,7,0,0,0
8,42,80 04:21:33.504,12,15,0,0,0
9,42,80 04:21:33.504,12,14,0,0,0
1,43,80 04:21:33.504,13,5,0,0,13.666666666666666
2,43,80 04:21:33.504,13,6,0,0,0
3,43,80 04:21:33.504,13,3,0,0,0
4,43,80 04:21:33.504,13,10,0,0,0
5,43,80 04:21:33.504,13,11,0,0,0
6,43,80 04:21:33.504,13,9,0,0,0
7,43,80 04:21:33.504,13,15,0,0,0
8,43,80 04:21:33.504,13,8,0,0,3
9,43,80 04:21:33.504,13,2,0,0,0
10,43,80 04:21:33.504,13,14,0,0,0
11,43,80 04:21:33.504,13,4,0,0,0
12,43,80 04:21:33.504,13,7,0,0,0
1,44,80 04:21:33.504,2,4,0,0,9.333333333333334
2,44,80 04:21:33.504,2,10,0,0,0
3,44,80 04:21:33.504,2,13,0,0,0
4,44,80 04:21:33.504,2,8,0,0,0
5,44,80 04:21:33.504,2,11,0,0,0
6,44,80 04:21:33.504,2,3,0,0,0.5
7,44,80 04:21:33.504,2,6,0,0,2.3333333333333335
8,44,80 04:21:33.504,2,7,0,0,5.666666666666667
9,44,80 04:21:33.504,2,12,0,0,2
10,44,80 04:21:33.504,2,5,0,0,0
11,44,80 04:21:33.504,2,15,0,0,0
12,44,80 04:21:33.504,2,9,0,0,0
1,45,80 04:21:33.505,7,4,0,0,6
2,45,80 04:21:33.505,7,3,0,0,7.25
3,45,80 04:21:33.505,7,8,0,0,0.3333333333333333
4,45,80 04:21:33.505,7,10,0,0,0
5,45,80 04:21:33.505,7,9,0,0,0
6,45,80 04:21:33.505,7,11,0,0,0
7,45,80 04:21:33.505,7,2,0,0,0.6666666666666666
8,45,80 04:21:33.505,7,5,0,0,0
9,45,80 04:21:33.505,7,15,0,0,3.6666666666666665
10,45,80 04:21:33.505,7,12,0,0,0
11,45,80 04:21:33.505,7,6,0,0,0
12,45,80 04:21:33.505,7,13,0,0,0
1,46,80 04:21:33.505,7,4,0,0,9
2,46,80 04:21:33.505,7,3,0,0,9
3,46,80 04:21:33.505,7,8,0,0,2.6666666666666665
4,46,80 04:21:33.505,7,2,0,0,1
5,46,80 04:21:33.505,7,9,0,0,0
6,46,80 04:21:33.505,7,11,0,0,0
7,46,80 04:21:33.505,7,14,0,0,0
8,46,80 04:21:33.505,7,10,0,0,0
9,46,80 04:21:33.505,7,15,0,0,4.333333333333333
10,46,80 04:21:33.505,7,12,0,0,1.6666666666666667
11,46,80 04:21:33.505,7,5,0,0,0
12,46,80 04:21:33.505,7,13,0,0,0
13,46,80 04:21:33.505,7,6,0,0,0
1,47,80 04:21:33.505,14,6,0,0,15.5
2,47,80 04:21:33.505,14,5,0,0,1.5
3,47,80 04:21:33.505,14,9,0,0,0
4,47,80 04:21:33.505,14,2,0,0,0
5,47,80 04:21:33.505,14,15,0,0,0
6,47,80 04:21:33.505,14,3,0,0,0
7,47,80 04:21:33.505,14,11,0,0,0
8,47,80 04:21:33.505,14,10,0,0,0
9,47,80 04:21:33.505,14,8,0,0,0
10,47,80 04:21:33.505,14,12,0,0,0
1,48,80 04:21:33.505,13,8,0,0,6
2,48,80 04:21:33.505,13,5,0,0,18.333333333333332
3,48,80 04:21:33.505,13,9,0,0,0.3333333333333333
4,48,80 04:21:33.505,13,3,0,0,0
5,48,80 04:21:33.505,13,2,0,0,0
6,48,80 04:21:33.505,13,4,0,0,0
7,48,80 04:21:33.505,13,10,0,0,0
8,48,80 04:21:33.505,13,14,0,0,0
9,48,80 04:21:33.505,13,6,0,0,0
10,48,80 04:21:33.505,13,7,0,0,0
11,48,80 04:21:33.505,13,11,0,0,0
12,48,80 04:21:33.505,13,15,0,0,0
1,50,80 04:21:33.506,13,5,0,0,20.333333333333332
2,50,80 04:21:33.506,13,8,0,0,4
3,50,80 04:21:33.506,13,3,0,0,0
4,50,80 04:21:33.506,13,9,0,0,2.6666666666666665
5,50,80 04:21:33.506,13,11,0,0,0
6,50,80 04:21:33.506,13,4,0,0,0
7,50,80 04:21:33.506,13,10,0,0,0
8,50,80 04:21:33.506,13,2,0,0,0
9,50,80 04:21:33.506,13,6,0,0,0
10,50,80 04:21:33.506,13,15,0,0,0
11,50,80 04:21:33.506,13,7,0,0,0
12,50,80 04:21:33.506,13,12,0,0,0
1,52,80 04:21:33.507,12,7,0,0,1.5
2,52,80 04:21:33.507,12,10,0,0,3
3,52,80 04:21:33.507,12,5,0,0,1
4,52,80 04:21:33.507,12,2,0,0,0
5,52,80 04:21:33.507,12,4,0,0,8
6,52,80 04:21:33.507,12,11,0,0,0
7,52,80 04:21:33.507,12,14,0,0,0
8,52,80 04:21:33.507,12,15,0,0,0
9,52,80 04:21:33.507,12,9,0,0,0
10,52,80 04:21:33.507,12,3,0,0,0
1,53,80 04:21:33.507,14,6,0,0,23
2,53,80 04:21:33.507,14,9,0,0,0.5
3,53,80 04:21:33.507,14,2,0,0,0
4,53,80 04:21:33.507,14,5,0,0,0
5,53,80 04:21:33.507,14,15,0,0,0
6,53,80 04:21:33.507,14,11,0,0,0
7,53,80 04:21:33.507,14,3,0,0,0
8,53,80 04:21:33.507,14,10,0,0,0
9,53,80 04:21:33.507,14,8,0,0,0
1,54,80 04:21:33.507,12,4,0,0,9
2,54,80 04:21:33.507,12,10,0,0,2.5
3,54,80 04:21:33.507,12,11,0,0,0
4,54,80 04:21:33.507,12,3,0,0,0
5,54,80 04:21:33.507,12,7,0,0,0
6,54,80 04:21:33.507,12,9,0,0,0
7,54,80 04:21:33.507,12,15,0,0,0
8,54,80 04:21:33.507,12,14,0,0,0
9,54,80 04:21:33.507,12,5,0,0,11
10,54,80 04:21:33.507,12,2,0,0,0
1,55,80 04:21:33.508,13,5,0,0,11
2,55,80 04:21:33.508,13,8,0,0,7
3,55,80 04:21:33.508,13,10,0,0,0
4,55,80 04:21:33.508,13,9,0,0,0
5,55,80 04:21:33.508,13,2,0,0,0
6,55,80 04:21:33.508,13,3,0,0,0
7,55,80 04:21:33.508,13,6,0,0,0
8,55,80 04:21:33.508,13,14,0,0,0
9,55,80 04:21:33.508,13,11,0,0,0
1,56,80 04:21:33.509,2,7,0,0,7.5
2,56,80 04:21:33.509,2,3,0,0,6.333333333333333
3,56,80 04:21:33.509,2,4,0,0,12.25
4,56,80 04:21:33.509,2,12,0,0,0
5,56,80 04:21:33.509,2,6,0,0,3
6,56,80 04:21:33.509,2,15,0,0,0
7,56,80 04:21:33.509,2,10,0,0,2
8,56,80 04:21:33.509,2,8,0,0,0
9,56,80 04:21:33.509,2,5,0,0,0
10,56,80 04:21:33.509,2,11,0,0,0
11,56,80 04:21:33.509,2,13,0,0,0
1,59,80 04:21:33.510,13,5,0,0,11
2,59,80 04:21:33.510,13,9,0,0,2.6666666666666665
3,59,80 04:21:33.510,13,8,0,0,8
4,59,80 04:21:33.510,13,10,0,0,0
5,59,80 04:21:33.510,13,3,0,0,0
6,59,80 04:21:33.510,13,2,0,0,0
7,59,80 04:21:33.510,13,6,0,0,3
8,59,80 04:21:33.510,13,4,0,0,0
9,59,80 04:21:33.510,13,14,0,0,0
1,60,80 04:21:33.510,9,5,0,0,10.75
2,60,80 04:21:33.510,9,8,0,0,2.3333333333333335
3,60,80 04:21:33.510,9,6,0,0,14
4,60,80 04:21:33.510,9,10,0,0,9.5
5,60,80 04:21:33.510,9,14,0,0,0
6,60,80 04:21:33.510,9,13,0,0,0
7,60,80 04:21:33.510,9,12,0,0,0
8,60,80 04:21:33.510,9,4,0,0,0
9,60,80 04:21:33.510,9,3,0,0,2
10,60,80 04:21:33.510,9,7,0,0,0
11,60,80 04:21:33.510,9,2,0,0,6.5
12,60,80 04:21:33.510,9,11,0,0,0
1,61,80 04:21:33.510,13,8,0,0,8
2,61,80 04:21:33.510,13,5,0,0,7.666666666666667
3,61,80 04:21:33.510,13,3,0,0,0
4,61,80 04:21:33.510,13,6,0,0,1
5,61,80 04:21:33.510,13,14,0,0,0
6,61,80 04:21:33.510,13,9,0,0,1.3333333333333333
7,61,80 04:21:33.510,13,2,0,0,0
8,61,80 04:21:33.510,13,4,0,0,0
9,61,80 04:21:33.510,13,10,0,0,0
10,61,80 04:21:33.510,13,11,0,0,0
1,62,80 04:21:33.510,2,4,0,0,6.666666666666667
2,62,80 04:21:33.510,2,10,0,0,4
3,62,80 04:21:33.510,2,7,0,0,0.5
4,62,80 04:21:33.510,2,3,0,0,2.5
5,62,80 04:21:33.510,2,8,0,0,0
6,62,80 04:21:33.510,2,6,0,0,3.5
7,62,80 04:21:33.510,2,15,0,0,2
8,62,80 04:21:33.510,2,12,0,0,0
9,62,80 04:21:33.510,2,5,0,0,0
10,62,80 04:21:33.510,2,11,0,0,0
11,62,80 04:21:33.510,2,9,0,0,0
1,64,80 04:21:33.511,11,8,0,0,25
2,64,80 04:21:33.511,11,3,0,0,18
3,64,80 04:21:33.511,11,6,0,0,0
4,64,80 04:21:33.511,11,9,0,0,0
5,64,80 04:21:33.511,11,2,0,0,0
6,64,80 04:21:33.511,11,10,0,0,0
7,64,80 04:21:33.511,11,5,0,0,0
8,64,80 04:21:33.511,11,7,0,0,0
1,65,80 04:21:33.511,12,4,0,0,14
2,65,80 04:21:33.511,12,10,0,0,3.5
3,65,80 04:21:33.511,12,9,0,0,0
4,65,80 04:21:33.511,12,7,0,0,5
5,65,80 04:21:33.511,12,3,0,0,0
6,65,80 04:21:33.511,12,11,0,0,0
7,65,80 04:21:33.511,12,2,0,0,0
8,65,80 04:21:33.511,12,15,0,0,0
9,65,80 04:21:33.511,12,13,0,0,0
10,65,80 04:21:33.511,12,5,0,0,0
1,66,80 04:21:33.511,8,3,0,0,16
2,66,80 04:21:33.511,8,15,0,0,6
3,66,80 04:21:33.511,8,11,0,0,1.5
4,66,80 04:21:33.511,8,2,0,0,0
5,66,80 04:21:33.511,8,9,0,0,0
6,66,80 04:21:33.511,8,5,0,0,3.3333333333333335
7,66,80 04:21:33.511,8,12,0,0,0
8,66,80 04:21:33.511,8,14,0,0,0
9,66,80 04:21:33.511,8,13,0,0,4.5
10,66,80 04:21:33.511,8,7,0,0,0
11,66,80 04:21:33.511,8,4,0,0,0
12,66,80 04:21:33.511,8,10,0,0,0
1,67,80 04:21:33.511,2,5,0,0,0
2,67,80 04:21:33.511,2,4,0,0,7
3,67,80 04:21:33.511,2,10,0,0,2
4,67,80 04:21:33.511,2,15,0,0,2.3333333333333335
5,67,80 04:21:33.511,2,11,0,0,0
6,67,80 04:21:33.511,2,9,0,0,0
7,67,80 04:21:33.511,2,6,0,0,2.3333333333333335
8,67,80 04:21:33.511,2,7,0,0,0
9,67,80 04:21:33.511,2,3,0,0,3.5
10,67,80 04:21:33.511,2,13,0,0,0
11,67,80 04:21:33.511,2,8,0,0,0
1,68,80 04:21:33.512,8,3,0,0,8
2,68,80 04:21:33.512,8,13,0,0,6
3,68,80 04:21:33.512,8,4,0,0,0
4,68,80 04:21:33.512,8,5,0,0,6
5,68,80 04:21:33.512,8,10,0,0,0
6,68,80 04:21:33.512,8,9,0,0,0
7,68,80 04:21:33.512,8,15,0,0,0
8,68,80 04:21:33.512,8,7,0,0,0
9,68,80 04:21:33.512,8,2,0,0,0
10,68,80 04:21:33.512,8,11,0,0,0
1,70,80 04:21:33.512,9,6,0,0,13.75
2,70,80 04:21:33.512,9,5,0,0,14.25
3,70,80 04:21:33.512,9,10,0,0,4.666666666666667
4,70,80 04:21:33.512,9,4,0,0,0
5,70,80 04:21:33.512,9,7,0,0,0
6,70,80 04:21:33.512,9,2,0,0,7
7,70,80 04:21:33.512,9,14,0,0,0
8,70,80 04:21:33.512,9,3,0,0,0.5
9,70,80 04:21:33.512,9,8,0,0,1.5
10,70,80 04:21:33.512,9,13,0,0,0
11,70,80 04:21:33.512,9,12,0,0,0
1,71,80 04:21:33.513,13,9,0,0,7
2,71,80 04:21:33.513,13,6,0,0,2
3,71,80 04:21:33.513,13,5,0,0,8.5
4,71,80 04:21:33.513,13,2,0,0,0
5,71,80 04:21:33.513,13,8,0,0,0
6,71,80 04:21:33.513,13,14,0,0,0
7,71,80 04:21:33.513,13,3,0,0,0
8,71,80 04:21:33.513,13,4,0,0,0
9,71,80 04:21:33.513,13,10,0,0,0
10,71,80 04:21:33.513,13,11,0,0,0
1,73,80 04:21:33.513,12,4,0,0,11
2,73,80 04:21:33.513,12,7,0,0,3
3,73,80 04:21:33.513,12,10,0,0,0
4,73,80 04:21:33.513,12,13,0,0,0
5,73,80 04:21:33.513,12,15,0,0,0
6,73,80 04:21:33.513,12,11,0,0,0
7,73,80 04:21:33.513,12,2,0,0,0
8,73,80 04:21:33.513,12,5,0,0,0
9,73,80 04:21:33.513,12,3,0,0,0
10,73,80 04:21:33.513,12,9,0,0,0
1,74,80 04:21:33.513,8,13,0,0,4
2,74,80 04:21:33.513,8,3,0,0,3.5
3,74,80 04:21:33.513,8,4,0,0,0
4,74,80 04:21:33.513,8,5,0,0,7
5,74,80 04:21:33.513,8,9,0,0,0
6,74,80 04:21:33.513,8,10,0,0,0
7,74,80 04:21:33.513,8,15,0,0,0
8,74,80 04:21:33.513,8,7,0,0,0
9,74,80 04:21:33.513,8,11,0,0,2
10,74,80 04:21:33.513,8,2,0,0,0
1,75,80 04:21:33.513,13,5,0,0,9
2,75,80 04:21:33.513,13,8,0,0,0
3,75,80 04:21:33.513,13,6,0,0,2.5
4,75,80 04:21:33.513,13,10,0,0,0
5,75,80 04:21:33.513,13,2,0,0,0
6,75,80 04:21:33.513,13,9,0,0,1.5
7,75,80 04:21:33.513,13,14,0,0,0
8,75,80 04:21:33.513,13,3,0,0,0
9,75,80 04:21:33.513,13,4,0,0,0
1,76,80 04:21:33.513,9,5,0,0,14.75
2,76,80 04:21:33.513,9,8,0,0,3.6666666666666665
3,76,80 04:21:33.513,9,6,0,0,15.25
4,76,80 04:21:33.513,9,10,0,0,2
5,76,80 04:21:33.513,9,14,0,0,0
6,76,80 04:21:33.513,9,4,0,0,0
7,76,80 04:21:33.513,9,13,0,0,0
8,76,80 04:21:33.513,9,12,0,0,0
9,76,80 04:21:33.513,9,2,0,0,5
10,76,80 04:21:33.513,9,11,0,0,0
11,76,80 04:21:33.513,9,15,0,0,0
12,76,80 04:21:33.513,9,3,0,0,0
1,77,80 04:21:33.514,13,8,0,0,6
2,77,80 04:21:33.514,13,5,0,0,10.666666666666666
3,77,80 04:21:33.514,13,14,0,0,0
4,77,80 04:21:33.514,13,10,0,0,0
5,77,80 04:21:33.514,13,2,0,0,0
6,77,80 04:21:33.514,13,6,0,0,6
7,77,80 04:21:33.514,13,3,0,0,0
8,77,80 04:21:33.514,13,11,0,0,0
9,77,80 04:21:33.514,13,9,0,0,0
10,77,80 04:21:33.514,13,7,0,0,0
11,77,80 04:21:33.514,13,12,0,0,0
1,78,80 04:21:33.514,9,6,0,0,13.5
2,78,80 04:21:33.514,9,3,0,0,0
3,78,80 04:21:33.514,9,5,0,0,13.5
4,78,80 04:21:33.514,9,14,0,0,0
5,78,80 04:21:33.514,9,10,0,0,3.3333333333333335
6,78,80 04:21:33.514,9,13,0,0,0
7,78,80 04:21:33.514,9,2,0,0,5
8,78,80 04:21:33.514,9,4,0,0,0
9,78,80 04:21:33.514,9,8,0,0,1.5
10,78,80 04:21:33.514,9,11,0,0,0
11,78,80 04:21:33.514,9,12,0,0,0
12,78,80 04:21:33.514,9,15,0,0,0
1,79,80 04:21:33.514,9,6,0,0,13.25
2,79,80 04:21:33.514,9,3,0,0,4
3,79,80 04:21:33.514,9,5,0,0,11.75
4,79,80 04:21:33.514,9,2,0,0,4.25
5,79,80 04:21:33.514,9,14,0,0,0
6,79,80 04:21:33.514,9,13,0,0,0
7,79,80 04:21:33.514,9,10,0,0,1.5
8,79,80 04:21:33.514,9,4,0,0,0
9,79,80 04:21:33.514,9,8,0,0,6
10,79,80 04:21:33.514,9,15,0,0,0
11,79,80 04:21:33.514,9,11,0,0,0
12,79,80 04:21:33.514,9,12,0,0,0
1,80,80 04:21:33.514,2,4,0,0,0.5
2,80,80 04:21:33.514,2,15,0,0,0
3,80,80 04:21:33.514,2,5,0,0,3.5
4,80,80 04:21:33.514,2,6,0,0,0
5,80,80 04:21:33.514,2,11,0,0,0
6,80,80 04:21:33.514,2,10,0,0,0
7,80,80 04:21:33.514,2,3,0,0,0
8,80,80 04:21:33.514,2,8,0,0,0
9,80,80 04:21:33.514,2,9,0,0,0
1,81,80 04:21:33.515,9,6,0,0,13
2,81,80 04:21:33.515,9,2,0,0,10
3,81,80 04:21:33.515,9,5,0,0,11.666666666666666
4,81,80 04:21:33.515,9,3,0,0,0
5,81,80 04:21:33.515,9,13,0,0,0
6,81,80 04:21:33.515,9,14,0,0,0
7,81,80 04:21:33.515,9,10,0,0,2
8,81,80 04:21:33.515,9,4,0,0,0
9,81,80 04:21:33.515,9,8,0,0,8
10,81,80 04:21:33.515,9,11,0,0,0
11,81,80 04:21:33.515,9,12,0,0,0
12,81,80 04:21:33.515,9,7,0,0,0
1,83,80 04:21:33.515,12,4,0,0,20
2,83,80 04:21:33.515,12,2,0,0,3
3,83,80 04:21:33.515,12,6,0,0,0
4,83,80 04:21:33.515,12,14,0,0,0
5,83,80 04:21:33.515,12,5,0,0,0
6,83,80 04:21:33.515,12,8,0,0,0
7,83,80 04:21:33.515,12,10,0,0,5
8,83,80 04:21:33.515,12,7,0,0,0
9,83,80 04:21:33.515,12,3,0,0,0
10,83,80 04:21:33.515,12,9,0,0,0
11,83,80 04:21:33.515,12,11,0,0,0
12,83,80 04:21:33.515,12,13,0,0,0
13,83,80 04:21:33.515,12,15,0,0,0
1,84,80 04:21:33.515,14,6,0,0,9.5
2,84,80 04:21:33.515,14,10,0,0,0
3,84,80 04:21:33.515,14,5,0,0,0
4,84,80 04:21:33.515,14,2,0,0,0.5
5,84,80 04:21:33.515,14,9,0,0,4.5
6,84,80 04:21:33.515,14,12,0,0,0
7,84,80 04:21:33.515,14,8,0,0,0
8,84,80 04:21:33.515,14,11,0,0,0
9,84,80 04:21:33.515,14,4,0,0,0
10,84,80 04:21:33.515,14,3,0,0,0
11,84,80 04:21:33.515,14,15,0,0,0
12,84,80 04:21:33.515,14,7,0,0,0
1,85,80 04:21:33.516,9,5,0,0,19.666666666666668
2,85,80 04:21:33.516,9,2,0,0,8.75
3,85,80 04:21:33.516,9,13,0,0,0
4,85,80 04:21:33.516,9,8,0,0,4
5,85,80 04:21:33.516,9,4,0,0,0
6,85,80 04:21:33.516,9,6,0,0,13.25
7,85,80 04:21:33.516,9,11,0,0,0
8,85,80 04:21:33.516,9,12,0,0,0
9,85,80 04:21:33.516,9,10,0,0,4.666666666666667
10,85,80 04:21:33.516,9,14,0,0,0
11,85,80 04:21:33.516,9,7,0,0,0
12,85,80 04:21:33.516,9,3,0,0,1
1,86,80 04:21:33.516,14,6,0,0,7
2,86,80 04:21:33.516,14,5,0,0,0
3,86,80 04:21:33.516,14,10,0,0,0
4,86,80 04:21:33.516,14,2,0,0,0
5,86,80 04:21:33.516,14,12,0,0,0
6,86,80 04:21:33.516,14,8,0,0,0
7,86,80 04:21:33.516,14,11,0,0,0
8,86,80 04:21:33.516,14,9,0,0,2.5
9,86,80 04:21:33.516,14,4,0,0,0
10,86,80 04:21:33.516,14,7,0,0,0
1,88,80 04:21:33.517,12,4,0,0,17.333333333333332
2,88,80 04:21:33.517,12,10,0,0,3
3,88,80 04:21:33.517,12,11,0,0,0
4,88,80 04:21:33.517,12,3,0,0,0
5,88,80 04:21:33.517,12,9,0,0,0
6,88,80 04:21:33.517,12,7,0,0,1
7,88,80 04:21:33.517,12,14,0,0,0
8,88,80 04:21:33.517,12,5,0,0,0
9,88,80 04:21:33.517,12,2,0,0,2.5
10,88,80 04:21:33.517,12,6,0,0,0
11,88,80 04:21:33.517,12,8,0,0,0
12,88,80 04:21:33.517,12,13,0,0,0
13,88,80 04:21:33.517,12,15,0,0,0
1,89,80 04:21:33.517,2,9,0,0,9.5
2,89,80 04:21:33.517,2,3,0,0,19
3,89,80 04:21:33.517,2,4,0,0,4.5
4,89,80 04:21:33.517,2,10,0,0,0
5,89,80 04:21:33.517,2,11,0,0,0
6,89,80 04:21:33.517,2,15,0,0,0
7,89,80 04:21:33.517,2,6,0,0,0
8,89,80 04:21:33.517,2,5,0,0,7
9,89,80 04:21:33.517,2,8,0,0,0
10,89,80 04:21:33.517,2,12,0,0,0
1,90,80 04:21:33.517,12,4,0,0,13.666666666666666
2,90,80 04:21:33.517,12,2,0,0,0
3,90,80 04:21:33.517,12,6,0,0,0
4,90,80 04:21:33.517,12,10,0,0,4.333333333333333
5,90,80 04:21:33.517,12,5,0,0,0
6,90,80 04:21:33.517,12,8,0,0,0
7,90,80 04:21:33.517,12,7,0,0,0.6666666666666666
8,90,80 04:21:33.517,12,3,0,0,0
9,90,80 04:21:33.517,12,9,0,0,0
10,90,80 04:21:33.517,12,11,0,0,0
11,90,80 04:21:33.517,12,13,0,0,0
12,90,80 04:21:33.517,12,15,0,0,0
1,91,80 04:21:33.518,13,5,0,0,19.5
2,91,80 04:21:33.518,13,14,0,0,0
3,91,80 04:21:33.518,13,8,0,0,3.5
4,91,80 04:21:33.518,13,6,0,0,0
5,91,80 04:21:33.518,13,10,0,0,0
6,91,80 04:21:33.518,13,3,0,0,0
7,91,80 04:21:33.518,13,2,0,0,1.25
8,91,80 04:21:33.518,13,9,0,0,0
9,91,80 04:21:33.518,13,4,0,0,0
10,91,80 04:21:33.518,13,15,0,0,0
11,91,80 04:21:33.518,13,11,0,0,0
12,91,80 04:21:33.518,13,12,0,0,0
13,91,80 04:21:33.518,13,7,0,0,0
1,93,80 04:21:33.518,14,6,0,0,14.5
2,93,80 04:21:33.518,14,10,0,0,1.5
3,93,80 04:21:33.518,14,9,0,0,1.5
4,93,80 04:21:33.518,14,5,0,0,0.25
5,93,80 04:21:33.518,14,2,0,0,0
6,93,80 04:21:33.518,14,8,0,0,0
7,93,80 04:21:33.518,14,4,0,0,0
8,93,80 04:21:33.518,14,7,0,0,0
9,93,80 04:21:33.518,14,13,0,0,0
10,93,80 04:21:33.518,14,15,0,0,0
11,93,80 04:21:33.518,14,11,0,0,0
12,93,80 04:21:33.518,14,12,0,0,0
13,93,80 04:21:33.518,14,3,0,0,0
1,95,80 04:21:33.519,12,4,0,0,17.666666666666668
2,95,80 04:21:33.519,12,10,0,0,4.666666666666667
3,95,80 04:21:33.519,12,3,0,0,0
4,95,80 04:21:33.519,12,9,0,0,0
5,95,80 04:21:33.519,12,11,0,0,0
6,95,80 04:21:33.519,12,7,0,0,0.3333333333333333
7,95,80 04:21:33.519,12,2,0,0,0.6666666666666666
8,95,80 04:21:33.519,12,14,0,0,0
9,95,80 04:21:33.519,12,6,0,0,0
10,95,80 04:21:33.519,12,8,0,0,0
11,95,80 04:21:33.519,12,5,0,0,0
12,95,80 04:21:33.519,12,13,0,0,0
13,95,80 04:21:33.519,12,15,0,0,0
1,96,80 04:21:33.519,13,5,0,0,21.5
2,96,80 04:21:33.519,13,14,0,0,0
3,96,80 04:21:33.519,13,6,0,0,0
4,96,80 04:21:33.519,13,8,0,0,3.25
5,96,80 04:21:33.519,13,10,0,0,0
6,96,80 04:21:33.519,13,2,0,0,0.25
7,96,80 04:21:33.519,13,9,0,0,0
8,96,80 04:21:33.519,13,3,0,0,0
9,96,80 04:21:33.519,13,4,0,0,0
10,96,80 04:21:33.519,13,12,0,0,0
11,96,80 04:21:33.519,13,15,0,0,0
12,96,80 04:21:33.519,13,11,0,0,0
1,98,80 04:21:33.519,12,10,0,0,5.333333333333333
2,98,80 04:21:33.519,12,4,0,0,17
3,98,80 04:21:33.519,12,7,0,0,1
4,98,80 04:21:33.519,12,13,0,0,0
5,98,80 04:21:33.519,12,5,0,0,0
6,98,80 04:21:33.519,12,2,0,0,0
7,98,80 04:21:33.519,12,15,0,0,0
8,98,80 04:21:33.519,12,11,0,0,0
9,98,80 04:21:33.519,12,9,0,0,0
10,98,80 04:21:33.519,12,3,0,0,0
11,98,80 04:21:33.519,12,8,0,0,0
12,98,80 04:21:33.519,12,14,0,0,0
13,98,80 04:21:33.519,12,6,0,0,0
1,99,80 04:21:33.520,9,2,0,0,5.333333333333333
2,99,80 04:21:33.520,9,5,0,0,4.5
3,99,80 04:21:33.520,9,13,0,0,2.5
4,99,80 04:21:33.520,9,6,0,0,6.333333333333333
5,99,80 04:21:33.520,9,8,0,0,5.333333333333333
6,99,80 04:21:33.520,9,4,0,0,0
7,99,80 04:21:33.520,9,11,0,0,0
8,99,80 04:21:33.520,9,14,0,0,1
9,99,80 04:21:33.520,9,10,0,0,3.5
10,99,80 04:21:33.520,9,7,0,0,0
11,99,80 04:21:33.520,9,3,0,0,0
1,100,80 04:21:33.520,13,5,0,0,17.5
2,100,80 04:21:33.520,13,8,0,0,5.5
3,100,80 04:21:33.520,13,2,0,0,0
4,100,80 04:21:33.520,13,6,0,0,0
5,100,80 04:21:33.520,13,3,0,0,0
6,100,80 04:21:33.520,13,14,0,0,0
7,100,80 04:21:33.520,13,11,0,0,0
8,100,80 04:21:33.520,13,10,0,0,0
9,100,80 04:21:33.520,13,15,0,0,0
10,100,80 04:21:33.520,13,9,0,0,0
11,100,80 04:21:33.520,13,7,0,0,0
12,100,80 04:21:33.520,13,4,0,0,0
13,100,80 04:21:33.520,13,12,0,0,0
1,101,80 04:21:33.520,9,8,0,0,5.333333333333333
2,101,80 04:21:33.520,9,14,0,0,1.3333333333333333
3,101,80 04:21:33.520,9,13,0,0,1
4,101,80 04:21:33.520,9,10,0,0,4.5
5,101,80 04:21:33.520,9,2,0,0,8.333333333333334
6,101,80 04:21:33.520,9,4,0,0,0
7,101,80 04:21:33.520,9,5,0,0,5
8,101,80 04:21:33.520,9,6,0,0,6
9,101,80 04:21:33.520,9,11,0,0,0
10,101,80 04:21:33.520,9,3,0,0,0
11,101,80 04:21:33.520,9,7,0,0,0
1,102,80 04:21:33.520,12,10,0,0,6
2,102,80 04:21:33.520,12,4,0,0,14.333333333333334
3,102,80 04:21:33.520,12,7,0,0,0
4,102,80 04:21:33.520,12,2,0,0,0
5,102,80 04:21:33.520,12,13,0,0,0
6,102,80 04:21:33.520,12,11,0,0,0
7,102,80 04:21:33.520,12,15,0,0,0
8,102,80 04:21:33.520,12,9,0,0,0
9,102,80 04:21:33.520,12,6,0,0,0
10,102,80 04:21:33.520,12,8,0,0,0
11,102,80 04:21:33.520,12,3,0,0,0
12,102,80 04:21:33.520,12,14,0,0,0
1,104,80 04:21:33.521,12,4,0,0,11.666666666666666
2,104,80 04:21:33.521,12,2,0,0,0
3,104,80 04:21:33.521,12,7,0,0,0.6666666666666666
4,104,80 04:21:33.521,12,6,0,0,0
5,104,80 04:21:33.521,12,5,0,0,0
6,104,80 04:21:33.521,12,10,0,0,6
7,104,80 04:21:33.521,12,8,0,0,0
8,104,80 04:21:33.521,12,13,0,0,0
9,104,80 04:21:33.521,12,11,0,0,0
10,104,80 04:21:33.521,12,15,0,0,0
11,104,80 04:21:33.521,12,3,0,0,0
12,104,80 04:21:33.521,12,9,0,0,0
13,104,80 04:21:33.521,12,14,0,0,0
1,106,80 04:21:33.521,12,4,0,0,10.666666666666666
2,106,80 04:21:33.521,12,2,0,0,0
3,106,80 04:21:33.521,12,10,0,0,8.666666666666666
4,106,80 04:21:33.521,12,5,0,0,0
5,106,80 04:21:33.521,12,7,0,0,2.3333333333333335
6,106,80 04:21:33.521,12,6,0,0,0
7,106,80 04:21:33.521,12,8,0,0,0
8,106,80 04:21:33.521,12,13,0,0,0
9,106,80 04:21:33.521,12,9,0,0,0
10,106,80 04:21:33.521,12,3,0,0,0
11,106,80 04:21:33.521,12,11,0,0,0
12,106,80 04:21:33.521,12,14,0,0,0
13,106,80 04:21:33.521,12,15,0,0,0
1,107,80 04:21:33.522,12,7,0,0,3.6666666666666665
2,107,80 04:21:33.522,12,10,0,0,6.5
3,107,80 04:21:33.522,12,4,0,0,15
4,107,80 04:21:33.522,12,14,0,0,0
5,107,80 04:21:33.522,12,13,0,0,0
6,107,80 04:21:33.522,12,2,0,0,0
7,107,80 04:21:33.522,12,15,0,0,0
8,107,80 04:21:33.522,12,5,0,0,0
9,107,80 04:21:33.522,12,6,0,0,0
10,107,80 04:21:33.522,12,11,0,0,0
11,107,80 04:21:33.522,12,8,0,0,0
12,107,80 04:21:33.522,12,3,0,0,0
13,107,80 04:21:33.522,12,9,0,0,0
1,108,80 04:21:33.522,8,13,0,0,19
2,108,80 04:21:33.522,8,5,0,0,8
3,108,80 04:21:33.522,8,9,0,0,0
4,108,80 04:21:33.522,8,3,0,0,0
5,108,80 04:21:33.522,8,4,0,0,0
6,108,80 04:21:33.522,8,7,0,0,6.5
7,108,80 04:21:33.522,8,11,0,0,0
8,108,80 04:21:33.522,8,10,0,0,0
9,108,80 04:21:33.522,8,2,0,0,0
10,108,80 04:21:33.522,8,15,0,0,0
11,108,80 04:21:33.522,8,12,0,0,0
1,109,80 04:21:33.523,2,5,0,0,6.5
2,109,80 04:21:33.523,2,15,0,0,5
3,109,80 04:21:33.523,2,4,0,0,1.3333333333333333
4,109,80 04:21:33.523,2,3,0,0,15
5,109,80 04:21:33.523,2,6,0,0,7.666666666666667
6,109,80 04:21:33.523,2,9,0,0,0
7,109,80 04:21:33.523,2,7,0,0,0
8,109,80 04:21:33.523,2,11,0,0,0
9,109,80 04:21:33.523,2,10,0,0,7
10,109,80 04:21:33.523,2,12,0,0,5
11,109,80 04:21:33.523,2,8,0,0,0
1,113,80 04:21:33.525,8,13,0,0,15
2,113,80 04:21:33.525,8,5,0,0,1.5
3,113,80 04:21:33.525,8,3,0,0,0
4,113,80 04:21:33.525,8,7,0,0,0
5,113,80 04:21:33.525,8,11,0,0,5.5
6,113,80 04:21:33.525,8,4,0,0,0
7,113,80 04:21:33.525,8,10,0,0,0
8,113,80 04:21:33.525,8,9,0,0,0
9,113,80 04:21:33.525,8,15,0,0,0
10,113,80 04:21:33.525,8,2,0,0,0
11,113,80 04:21:33.525,8,12,0,0,0
1,114,80 04:21:33.525,14,9,0,0,8.333333333333334
2,114,80 04:21:33.525,14,6,0,0,8.5
3,114,80 04:21:33.525,14,5,0,0,0
4,114,80 04:21:33.525,14,2,0,0,0
5,114,80 04:21:33.525,14,4,0,0,0
6,114,80 04:21:33.525,14,8,0,0,0
7,114,80 04:21:33.525,14,10,0,0,0
8,114,80 04:21:33.525,14,7,0,0,0
9,114,80 04:21:33.525,14,12,0,0,0
10,114,80 04:21:33.525,14,3,0,0,0
11,114,80 04:21:33.525,14,11,0,0,0
12,114,80 04:21:33.525,14,13,0,0,0
1,115,80 04:21:33.526,14,6,0,0,4
2,115,80 04:21:33.526,14,11,0,0,0
3,115,80 04:21:33.526,14,2,0,0,0
4,115,80 04:21:33.526,14,9,0,0,5.25
5,115,80 04:21:33.526,14,12,0,0,0
6,115,80 04:21:33.526,14,10,0,0,0
7,115,80 04:21:33.526,14,5,0,0,0
8,115,80 04:21:33.526,14,13,0,0,0
9,115,80 04:21:33.526,14,3,0,0,0
10,115,80 04:21:33.526,14,4,0,0,0
11,115,80 04:21:33.526,14,7,0,0,0
12,115,80 04:21:33.526,14,8,0,0,0
1,116,80 04:21:33.528,8,3,0,0,3
2,116,80 04:21:33.528,8,11,0,0,5.666666666666667
3,116,80 04:21:33.528,8,7,0,0,0.3333333333333333
4,116,80 04:21:33.528,8,14,0,0,0
5,116,80 04:21:33.528,8,5,0,0,2.3333333333333335
6,116,80 04:21:33.528,8,2,0,0,0
7,116,80 04:21:33.528,8,9,0,0,4.666666666666667
8,116,80 04:21:33.528,8,12,0,0,0
9,116,80 04:21:33.528,8,15,0,0,0
10,116,80 04:21:33.528,8,13,0,0,19
11,116,80 04:21:33.528,8,4,0,0,0
12,116,80 04:21:33.528,8,10,0,0,0
1,117,80 04:21:33.528,12,7,0,0,5.666666666666667
2,117,80 04:21:33.528,12,10,0,0,12.666666666666666
3,117,80 04:21:33.528,12,15,0,0,0
4,117,80 04:21:33.528,12,5,0,0,0
5,117,80 04:21:33.528,12,4,0,0,6
6,117,80 04:21:33.528,12,2,0,0,5.5
7,117,80 04:21:33.528,12,3,0,0,0
8,117,80 04:21:33.528,12,14,0,0,0
9,117,80 04:21:33.528,12,9,0,0,0
10,117,80 04:21:33.528,12,11,0,0,5
11,117,80 04:21:33.528,12,6,0,0,0
1,118,80 04:21:33.528,9,5,0,0,8
2,118,80 04:21:33.528,9,6,0,0,2.6666666666666665
3,118,80 04:21:33.528,9,2,0,0,6.333333333333333
4,118,80 04:21:33.528,9,13,0,0,0
5,118,80 04:21:33.528,9,8,0,0,6
6,118,80 04:21:33.528,9,12,0,0,0
7,118,80 04:21:33.528,9,3,0,0,0
8,118,80 04:21:33.528,9,7,0,0,0
9,118,80 04:21:33.528,9,14,0,0,2
10,118,80 04:21:33.528,9,10,0,0,0
11,118,80 04:21:33.528,9,4,0,0,0
12,118,80 04:21:33.528,9,15,0,0,0
1,119,80 04:21:33.529,9,5,0,0,10.333333333333334
2,119,80 04:21:33.529,9,2,0,0,10.333333333333334
3,119,80 04:21:33.529,9,13,0,0,0
4,119,80 04:21:33.529,9,6,0,0,0
5,119,80 04:21:33.529,9,12,0,0,0
6,119,80 04:21:33.529,9,8,0,0,3.3333333333333335
7,119,80 04:21:33.529,9,7,0,0,0
8,119,80 04:21:33.529,9,15,0,0,0
9,119,80 04:21:33.529,9,4,0,0,0
10,119,80 04:21:33.529,9,10,0,0,0
11,119,80 04:21:33.529,9,14,0,0,3.5
12,119,80 04:21:33.529,9,3,0,0,0
1,120,80 04:21:33.529,2,3,0,0,11
2,120,80 04:21:33.529,2,6,0,0,2.6666666666666665
3,120,80 04:21:33.529,2,9,0,0,0
4,120,80 04:21:33.529,2,4,0,0,4
5,120,80 04:21:33.529,2,15,0,0,1
6,120,80 04:21:33.529,2,7,0,0,0
7,120,80 04:21:33.529,2,5,0,0,4.333333333333333
8,120,80 04:21:33.529,2,11,0,0,2.25
9,120,80 04:21:33.529,2,12,0,0,4
10,120,80 04:21:33.529,2,10,0,0,0.3333333333333333
11,120,80 04:21:33.529,2,8,0,0,0
12,120,80 04:21:33.529,2,13,0,0,0
1,121,80 04:21:33.530,12,4,0,0,7.5
2,121,80 04:21:33.530,12,10,0,0,9.25
3,121,80 04:21:33.530,12,3,0,0,0
4,121,80 04:21:33.530,12,2,0,0,1.3333333333333333
5,121,80 04:21:33.530,12,7,0,0,7
6,121,80 04:21:33.530,12,11,0,0,2.3333333333333335
7,121,80 04:21:33.530,12,9,0,0,0
8,121,80 04:21:33.530,12,14,0,0,0
9,121,80 04:21:33.530,12,5,0,0,0
10,121,80 04:21:33.530,12,15,0,0,0
11,121,80 04:21:33.530,12,8,0,0,0
12,121,80 04:21:33.530,12,6,0,0,0
1,123,80 04:21:33.531,14,10,0,0,1.5
2,123,80 04:21:33.531,14,6,0,0,7.25
3,123,80 04:21:33.531,14,7,0,0,0
4,123,80 04:21:33.531,14,2,0,0,0
5,123,80 04:21:33.531,14,9,0,0,0
6,123,80 04:21:33.531,14,4,0,0,0
7,123,80 04:21:33.531,14,5,0,0,0
8,123,80 04:21:33.531,14,12,0,0,0
9,123,80 04:21:33.531,14,15,0,0,0
10,123,80 04:21:33.531,14,3,0,0,0
11,123,80 04:21:33.531,14,8,0,0,0
12,123,80 04:21:33.531,14,13,0,0,0
13,123,80 04:21:33.531,14,11,0,0,0
1,124,80 04:21:33.531,12,4,0,0,14.25
2,124,80 04:21:33.531,12,10,0,0,8.25
3,124,80 04:21:33.531,12,11,0,0,1
4,124,80 04:21:33.531,12,3,0,0,0
5,124,80 04:21:33.531,12,14,0,0,0
6,124,80 04:21:33.531,12,7,0,0,7.75
7,124,80 04:21:33.531,12,8,0,0,0
8,124,80 04:21:33.531,12,2,0,0,2.75
9,124,80 04:21:33.531,12,5,0,0,0
10,124,80 04:21:33.531,12,15,0,0,0
1,125,80 04:21:33.531,14,6,0,0,9
2,125,80 04:21:33.531,14,2,0,0,0
3,125,80 04:21:33.531,14,11,0,0,0
4,125,80 04:21:33.531,14,5,0,0,0
5,125,80 04:21:33.531,14,8,0,0,0
6,125,80 04:21:33.531,14,12,0,0,0
7,125,80 04:21:33.531,14,9,0,0,0
8,125,80 04:21:33.531,14,3,0,0,0
9,125,80 04:21:33.531,14,10,0,0,0.3333333333333333
10,125,80 04:21:33.531,14,7,0,0,0
11,125,80 04:21:33.531,14,4,0,0,0
12,125,80 04:21:33.531,14,15,0,0,0
13,125,80 04:21:33.531,14,13,0,0,0
1,126,80 04:21:33.531,11,3,0,0,36
2,126,80 04:21:33.531,11,15,0,0,20
3,126,80 04:21:33.531,11,8,0,0,0
4,126,80 04:21:33.531,11,4,0,0,0
5,126,80 04:21:33.531,11,7,0,0,0
6,126,80 04:21:33.531,11,2,0,0,0
7,126,80 04:21:33.531,11,9,0,0,0
8,126,80 04:21:33.531,11,12,0,0,0
1,127,80 04:21:33.531,12,10,0,0,8
2,127,80 04:21:33.531,12,2,0,0,2.75
3,127,80 04:21:33.531,12,7,0,0,1
4,127,80 04:21:33.531,12,4,0,0,10.25
5,127,80 04:21:33.531,12,11,0,0,0
6,127,80 04:21:33.531,12,5,0,0,0
7,127,80 04:21:33.531,12,15,0,0,0
8,127,80 04:21:33.531,12,3,0,0,0
9,127,80 04:21:33.531,12,8,0,0,0
10,127,80 04:21:33.531,12,14,0,0,0
1,128,80 04:21:33.531,14,6,0,0,3.3333333333333335
2,128,80 04:21:33.531,14,2,0,0,0
3,128,80 04:21:33.531,14,5,0,0,0
4,128,80 04:21:33.531,14,11,0,0,0
5,128,80 04:21:33.531,14,9,0,0,0
6,128,80 04:21:33.531,14,8,0,0,0
7,128,80 04:21:33.531,14,12,0,0,0
8,128,80 04:21:33.531,14,10,0,0,0
9,128,80 04:21:33.531,14,7,0,0,0
10,128,80 04:21:33.531,14,4,0,0,0.5
11,128,80 04:21:33.531,14,13,0,0,0
1,130,80 04:21:33.532,2,3,0,0,16.666666666666668
2,130,80 04:21:33.532,2,5,0,0,3
3,130,80 04:21:33.532,2,15,0,0,3
4,130,80 04:21:33.532,2,4,0,0,10
5,130,80 04:21:33.532,2,7,0,0,0
6,130,80 04:21:33.532,2,10,0,0,0
7,130,80 04:21:33.532,2,13,0,0,0
8,130,80 04:21:33.532,2,6,0,0,0
9,130,80 04:21:33.532,2,12,0,0,1
10,130,80 04:21:33.532,2,9,0,0,0.5
11,130,80 04:21:33.532,2,14,0,0,0
12,130,80 04:21:33.532,2,11,0,0,0
13,130,80 04:21:33.532,2,8,0,0,0
1,131,80 04:21:33.532,12,4,0,0,12
2,131,80 04:21:33.532,12,10,0,0,7.25
3,131,80 04:21:33.532,12,11,0,0,1
4,131,80 04:21:33.532,12,3,0,0,0
5,131,80 04:21:33.532,12,8,0,0,0
6,131,80 04:21:33.532,12,7,0,0,3.5
7,131,80 04:21:33.532,12,2,0,0,2.25
8,131,80 04:21:33.532,12,9,0,0,0
9,131,80 04:21:33.532,12,14,0,0,0
10,131,80 04:21:33.532,12,5,0,0,0
11,131,80 04:21:33.532,12,15,0,0,0
1,132,80 04:21:33.532,8,13,0,0,6.333333333333333
2,132,80 04:21:33.532,8,5,0,0,4.333333333333333
3,132,80 04:21:33.532,8,3,0,0,19.666666666666668
4,132,80 04:21:33.532,8,4,0,0,0
5,132,80 04:21:33.532,8,11,0,0,4.333333333333333
6,132,80 04:21:33.532,8,7,0,0,0
7,132,80 04:21:33.532,8,9,0,0,5.5
8,132,80 04:21:33.532,8,10,0,0,0
9,132,80 04:21:33.532,8,15,0,0,6
10,132,80 04:21:33.532,8,2,0,0,2.5
1,133,80 04:21:33.533,2,3,0,0,9.666666666666666
2,133,80 04:21:33.533,2,5,0,0,4.5
3,133,80 04:21:33.533,2,15,0,0,2.6666666666666665
4,133,80 04:21:33.533,2,4,0,0,5.666666666666667
5,133,80 04:21:33.533,2,7,0,0,0
6,133,80 04:21:33.533,2,13,0,0,0
7,133,80 04:21:33.533,2,10,0,0,0
8,133,80 04:21:33.533,2,6,0,0,0
9,133,80 04:21:33.533,2,12,0,0,0
10,133,80 04:21:33.533,2,11,0,0,0
11,133,80 04:21:33.533,2,9,0,0,5
1,134,80 04:21:33.533,13,5,0,0,8.5
2,134,80 04:21:33.533,13,9,0,0,5.5
3,134,80 04:21:33.533,13,2,0,0,3.5
4,134,80 04:21:33.533,13,8,0,0,0.25
5,134,80 04:21:33.533,13,11,0,0,0
6,134,80 04:21:33.533,13,7,0,0,0
7,134,80 04:21:33.533,13,6,0,0,0
8,134,80 04:21:33.533,13,10,0,0,0
9,134,80 04:21:33.533,13,14,0,0,0
10,134,80 04:21:33.533,13,3,0,0,0
11,134,80 04:21:33.533,13,12,0,0,0
1,135,80 04:21:33.533,9,5,0,0,8.666666666666666
2,135,80 04:21:33.533,9,2,0,0,11.333333333333334
3,135,80 04:21:33.533,9,4,0,0,0.5
4,135,80 04:21:33.533,9,6,0,0,0
5,135,80 04:21:33.533,9,13,0,0,4.5
6,135,80 04:21:33.533,9,8,0,0,6.666666666666667
7,135,80 04:21:33.533,9,12,0,0,0
8,135,80 04:21:33.533,9,7,0,0,0
9,135,80 04:21:33.533,9,14,0,0,0
10,135,80 04:21:33.533,9,3,0,0,0
11,135,80 04:21:33.533,9,10,0,0,0
1,136,80 04:21:33.533,14,6,0,0,0.5
2,136,80 04:21:33.533,14,10,0,0,0
3,136,80 04:21:33.533,14,2,0,0,0
4,136,80 04:21:33.533,14,4,0,0,0
5,136,80 04:21:33.533,14,7,0,0,0
6,136,80 04:21:33.533,14,12,0,0,0
7,136,80 04:21:33.533,14,5,0,0,0
8,136,80 04:21:33.533,14,9,0,0,0
9,136,80 04:21:33.533,14,3,0,0,0
10,136,80 04:21:33.533,14,11,0,0,0
1,137,80 04:21:33.534,15,7,0,0,15
2,137,80 04:21:33.534,15,4,0,0,4
3,137,80 04:21:33.534,15,3,0,0,2
4,137,80 04:21:33.534,15,11,0,0,1
5,137,80 04:21:33.534,15,8,0,0,0
6,137,80 04:21:33.534,15,5,0,0,0
7,137,80 04:21:33.534,15,12,0,0,0
8,137,80 04:21:33.534,15,2,0,0,0
1,138,80 04:21:33.535,8,5,0,0,4
2,138,80 04:21:33.535,8,13,0,0,5.5
3,138,80 04:21:33.535,8,7,0,0,1
4,138,80 04:21:33.535,8,4,0,0,0
5,138,80 04:21:33.535,8,3,0,0,12.666666666666666
6,138,80 04:21:33.535,8,11,0,0,1.3333333333333333
7,138,80 04:21:33.535,8,9,0,0,4.5
8,138,80 04:21:33.535,8,12,0,0,0
9,138,80 04:21:33.535,8,2,0,0,3.5
10,138,80 04:21:33.535,8,15,0,0,2
1,139,80 04:21:33.535,12,4,0,0,11
2,139,80 04:21:33.535,12,10,0,0,4.25
3,139,80 04:21:33.535,12,2,0,0,4.5
4,139,80 04:21:33.535,12,3,0,0,0
5,139,80 04:21:33.535,12,11,0,0,3
6,139,80 04:21:33.535,12,9,0,0,0
7,139,80 04:21:33.535,12,5,0,0,0
8,139,80 04:21:33.535,12,14,0,0,0
9,139,80 04:21:33.535,12,7,0,0,8.333333333333334
10,139,80 04:21:33.535,12,15,0,0,0
11,139,80 04:21:33.535,12,8,0,0,0
1,140,80 04:21:33.535,8,3,0,0,12.666666666666666
2,140,80 04:21:33.535,8,2,0,0,2.5
3,140,80 04:21:33.535,8,15,0,0,5.5
4,140,80 04:21:33.535,8,11,0,0,3.3333333333333335
5,140,80 04:21:33.535,8,4,0,0,0
6,140,80 04:21:33.535,8,13,0,0,9.5
7,140,80 04:21:33.535,8,5,0,0,6
8,140,80 04:21:33.535,8,7,0,0,0
9,140,80 04:21:33.535,8,9,0,0,5
10,140,80 04:21:33.535,8,12,0,0,0
1,141,80 04:21:33.536,13,5,0,0,16.5
2,141,80 04:21:33.536,13,9,0,0,6.75
3,141,80 04:21:33.536,13,8,0,0,0
4,141,80 04:21:33.536,13,6,0,0,0
5,141,80 04:21:33.536,13,2,0,0,7
6,141,80 04:21:33.536,13,12,0,0,0
7,141,80 04:21:33.536,13,14,0,0,0
8,141,80 04:21:33.536,13,3,0,0,0
9,141,80 04:21:33.536,13,11,0,0,4
10,141,80 04:21:33.536,13,7,0,0,0
11,141,80 04:21:33.536,13,10,0,0,0
12,141,80 04:21:33.536,13,4,0,0,0
1,142,80 04:21:33.536,14,4,0,0,5.5
2,142,80 04:21:33.536,14,6,0,0,2
3,142,80 04:21:33.536,14,5,0,0,0
4,142,80 04:21:33.536,14,9,0,0,0
5,142,80 04:21:33.536,14,2,0,0,0
6,142,80 04:21:33.536,14,8,0,0,0
7,142,80 04:21:33.536,14,12,0,0,0
8,142,80 04:21:33.536,14,13,0,0,0
9,142,80 04:21:33.536,14,10,0,0,0
10,142,80 04:21:33.536,14,7,0,0,0
11,142,80 04:21:33.536,14,3,0,0,0
1,143,80 04:21:33.536,2,9,0,0,14
2,143,80 04:21:33.536,2,6,0,0,2.3333333333333335
3,143,80 04:21:33.536,2,3,0,0,12
4,143,80 04:21:33.536,2,4,0,0,8
5,143,80 04:21:33.536,2,15,0,0,0
6,143,80 04:21:33.536,2,5,0,0,2.3333333333333335
7,143,80 04:21:33.536,2,7,0,0,0
8,143,80 04:21:33.536,2,11,0,0,0
9,143,80 04:21:33.536,2,13,0,0,0
10,143,80 04:21:33.536,2,12,0,0,1.5
1,144,80 04:21:33.536,15,3,0,0,14
2,144,80 04:21:33.536,15,11,0,0,8
3,144,80 04:21:33.536,15,7,0,0,8
4,144,80 04:21:33.536,15,4,0,0,7
5,144,80 04:21:33.536,15,5,0,0,0
6,144,80 04:21:33.536,15,2,0,0,0
7,144,80 04:21:33.536,15,8,0,0,0
8,144,80 04:21:33.536,15,12,0,0,0
1,145,80 04:21:33.536,12,2,0,0,8.25
2,145,80 04:21:33.536,12,10,0,0,4.75
3,145,80 04:21:33.536,12,7,0,0,3
4,145,80 04:21:33.536,12,15,0,0,0
5,145,80 04:21:33.536,12,4,0,0,16.5
6,145,80 04:21:33.536,12,8,0,0,0
7,145,80 04:21:33.536,12,3,0,0,0
8,145,80 04:21:33.536,12,5,0,0,0
9,145,80 04:21:33.536,12,11,0,0,2
10,145,80 04:21:33.536,12,14,0,0,0
11,145,80 04:21:33.536,12,9,0,0,0
1,146,80 04:21:33.536,8,13,0,0,9.5
2,146,80 04:21:33.536,8,5,0,0,3
3,146,80 04:21:33.536,8,7,0,0,0
4,146,80 04:21:33.536,8,4,0,0,0
5,146,80 04:21:33.536,8,3,0,0,14
6,146,80 04:21:33.536,8,9,0,0,4.5
7,146,80 04:21:33.536,8,11,0,0,2.3333333333333335
8,146,80 04:21:33.536,8,15,0,0,3
9,146,80 04:21:33.536,8,2,0,0,5.5
10,146,80 04:21:33.536,8,12,0,0,0
1,147,80 04:21:33.536,14,6,0,0,3
2,147,80 04:21:33.536,14,10,0,0,0
3,147,80 04:21:33.536,14,12,0,0,0
4,147,80 04:21:33.536,14,9,0,0,9.666666666666666
5,147,80 04:21:33.536,14,13,0,0,0
6,147,80 04:21:33.536,14,2,0,0,0
7,147,80 04:21:33.536,14,3,0,0,0
8,147,80 04:21:33.536,14,5,0,0,0
9,147,80 04:21:33.536,14,4,0,0,4
10,147,80 04:21:33.536,14,8,0,0,0
11,147,80 04:21:33.536,14,7,0,0,0
1,148,80 04:21:33.537,2,4,0,0,8.5
2,148,80 04:21:33.537,2,7,0,0,0.5
3,148,80 04:21:33.537,2,14,0,0,0
4,148,80 04:21:33.537,2,10,0,0,11.5
5,148,80 04:21:33.537,2,3,0,0,12.5
6,148,80 04:21:33.537,2,12,0,0,0.3333333333333333
7,148,80 04:21:33.537,2,5,0,0,2
8,148,80 04:21:33.537,2,6,0,0,0.25
9,148,80 04:21:33.537,2,9,0,0,10
10,148,80 04:21:33.537,2,15,0,0,0
11,148,80 04:21:33.537,2,11,0,0,0
1,149,80 04:21:33.537,8,15,0,0,1.5
2,149,80 04:21:33.537,8,11,0,0,0.3333333333333333
3,149,80 04:21:33.537,8,9,0,0,0
4,149,80 04:21:33.537,8,2,0,0,5
5,149,80 04:21:33.537,8,4,0,0,0
6,149,80 04:21:33.537,8,3,0,0,15
7,149,80 04:21:33.537,8,12,0,0,0
8,149,80 04:21:33.537,8,5,0,0,5.666666666666667
9,149,80 04:21:33.537,8,13,0,0,7.5
10,149,80 04:21:33.537,8,7,0,0,0
1,150,80 04:21:33.538,12,4,0,0,12.75
2,150,80 04:21:33.538,12,2,0,0,0.5
3,150,80 04:21:33.538,12,7,0,0,2.25
4,150,80 04:21:33.538,12,11,0,0,0
5,150,80 04:21:33.538,12,3,0,0,0
6,150,80 04:21:33.538,12,10,0,0,2.75
7,150,80 04:21:33.538,12,9,0,0,0
8,150,80 04:21:33.538,12,5,0,0,0
9,150,80 04:21:33.538,12,8,0,0,0
10,150,80 04:21:33.538,12,15,0,0,0
11,150,80 04:21:33.538,12,14,0,0,0
1,151,80 04:21:33.538,9,8,0,0,5.333333333333333
2,151,80 04:21:33.538,9,6,0,0,6
3,151,80 04:21:33.538,9,5,0,0,8
4,151,80 04:21:33.538,9,14,0,0,0
5,151,80 04:21:33.538,9,2,0,0,0.75
6,151,80 04:21:33.538,9,13,0,0,0
7,151,80 04:21:33.538,9,4,0,0,0
8,151,80 04:21:33.538,9,10,0,0,0
9,151,80 04:21:33.538,9,3,0,0,0
10,151,80 04:21:33.538,9,15,0,0,0
11,151,80 04:21:33.538,9,7,0,0,0
1,152,80 04:21:33.538,2,9,0,0,7
2,152,80 04:21:33.538,2,3,0,0,4.333333333333333
3,152,80 04:21:33.538,2,6,0,0,0
4,152,80 04:21:33.538,2,4,0,0,15
5,152,80 04:21:33.538,2,15,0,0,0
6,152,80 04:21:33.538,2,5,0,0,0
7,152,80 04:21:33.538,2,11,0,0,0
8,152,80 04:21:33.538,2,7,0,0,0
9,152,80 04:21:33.538,2,14,0,0,0
10,152,80 04:21:33.538,2,13,0,0,0
11,152,80 04:21:33.538,2,12,0,0,0
12,152,80 04:21:33.538,2,10,0,0,0
1,153,80 04:21:33.538,2,4,0,0,13.666666666666666
2,153,80 04:21:33.538,2,3,0,0,4
3,153,80 04:21:33.538,2,10,0,0,0
4,153,80 04:21:33.538,2,14,0,0,0
5,153,80 04:21:33.538,2,7,0,0,2.6666666666666665
6,153,80 04:21:33.538,2,12,0,0,0
7,153,80 04:21:33.538,2,5,0,0,0
8,153,80 04:21:33.538,2,11,0,0,0
9,153,80 04:21:33.538,2,9,0,0,0
10,153,80 04:21:33.538,2,6,0,0,0
11,153,80 04:21:33.538,2,15,0,0,0
1,154,80 04:21:33.539,14,9,0,0,0
2,154,80 04:21:33.539,14,3,0,0,0
3,154,80 04:21:33.539,14,10,0,0,2.3333333333333335
4,154,80 04:21:33.539,14,2,0,0,0
5,154,80 04:21:33.539,14,6,0,0,1.6666666666666667
6,154,80 04:21:33.539,14,5,0,0,0
7,154,80 04:21:33.539,14,13,0,0,0
8,154,80 04:21:33.539,14,12,0,0,0
9,154,80 04:21:33.539,14,4,0,0,2.5
10,154,80 04:21:33.539,14,8,0,0,0
11,154,80 04:21:33.539,14,7,0,0,0
1,155,80 04:21:33.539,9,2,0,0,1.75
2,155,80 04:21:33.539,9,5,0,0,7.5
3,155,80 04:21:33.539,9,6,0,0,3.75
4,155,80 04:21:33.539,9,8,0,0,3.3333333333333335
5,155,80 04:21:33.539,9,13,0,0,0
6,155,80 04:21:33.539,9,7,0,0,0
7,155,80 04:21:33.539,9,3,0,0,0
8,155,80 04:21:33.539,9,10,0,0,0
9,155,80 04:21:33.539,9,14,0,0,0
10,155,80 04:21:33.539,9,15,0,0,0
11,155,80 04:21:33.539,9,11,0,0,0
1,156,80 04:21:33.540,14,3,0,0,0
2,156,80 04:21:33.540,14,10,0,0,2.6666666666666665
3,156,80 04:21:33.540,14,12,0,0,0
4,156,80 04:21:33.540,14,6,0,0,0.3333333333333333
5,156,80 04:21:33.540,14,9,0,0,0
6,156,80 04:21:33.540,14,5,0,0,0
7,156,80 04:21:33.540,14,2,0,0,0
8,156,80 04:21:33.540,14,13,0,0,0
9,156,80 04:21:33.540,14,4,0,0,5
10,156,80 04:21:33.540,14,7,0,0,0
11,156,80 04:21:33.540,14,8,0,0,0
1,158,80 04:21:33.540,12,4,0,0,11.333333333333334
2,158,80 04:21:33.540,12,10,0,0,3.6666666666666665
3,158,80 04:21:33.540,12,7,0,0,7
4,158,80 04:21:33.540,12,2,0,0,2.3333333333333335
5,158,80 04:21:33.540,12,5,0,0,0
6,158,80 04:21:33.540,12,15,0,0,0
7,158,80 04:21:33.540,12,3,0,0,0
8,158,80 04:21:33.540,12,11,0,0,0
9,158,80 04:21:33.540,12,8,0,0,0
10,158,80 04:21:33.540,12,14,0,0,0
1,159,80 04:21:33.540,2,3,0,0,9.5
2,159,80 04:21:33.540,2,5,0,0,8.75
3,159,80 04:21:33.540,2,7,0,0,3.3333333333333335
4,159,80 04:21:33.540,2,9,0,0,0.25
5,159,80 04:21:33.540,2,12,0,0,0
6,159,80 04:21:33.540,2,4,0,0,4.5
7,159,80 04:21:33.540,2,15,0,0,0
8,159,80 04:21:33.540,2,10,0,0,0
9,159,80 04:21:33.540,2,14,0,0,0
10,159,80 04:21:33.540,2,6,0,0,12.666666666666666
11,159,80 04:21:33.540,2,11,0,0,0
1,160,80 04:21:33.541,13,2,0,0,4
2,160,80 04:21:33.541,13,6,0,0,3.5
3,160,80 04:21:33.541,13,9,0,0,0
4,160,80 04:21:33.541,13,8,0,0,0
5,160,80 04:21:33.541,13,12,0,0,0
6,160,80 04:21:33.541,13,3,0,0,0
7,160,80 04:21:33.541,13,5,0,0,3.3333333333333335
8,160,80 04:21:33.541,13,7,0,0,0
9,160,80 04:21:33.541,13,4,0,0,0
10,160,80 04:21:33.541,13,11,0,0,0
11,160,80 04:21:33.541,13,15,0,0,0
12,160,80 04:21:33.541,13,10,0,0,0
13,160,80 04:21:33.541,13,14,0,0,0
1,162,80 04:21:33.542,13,3,0,0,6
2,162,80 04:21:33.542,13,9,0,0,0.3333333333333333
3,162,80 04:21:33.542,13,2,0,0,0
4,162,80 04:21:33.542,13,6,0,0,0
5,162,80 04:21:33.542,13,12,0,0,0
6,162,80 04:21:33.542,13,5,0,0,5.666666666666667
7,162,80 04:21:33.542,13,8,0,0,0
8,162,80 04:21:33.542,13,4,0,0,0
9,162,80 04:21:33.542,13,10,0,0,0
10,162,80 04:21:33.542,13,14,0,0,0
11,162,80 04:21:33.542,13,15,0,0,0
12,162,80 04:21:33.542,13,11,0,0,0
1,163,80 04:21:33.542,2,7,0,0,4.5
2,163,80 04:21:33.542,2,4,0,0,1.5
3,163,80 04:21:33.542,2,3,0,0,4.5
4,163,80 04:21:33.542,2,12,0,0,3
5,163,80 04:21:33.542,2,5,0,0,4.5
6,163,80 04:21:33.542,2,13,0,0,0
7,163,80 04:21:33.542,2,15,0,0,0
8,163,80 04:21:33.542,2,6,0,0,7.333333333333333
9,163,80 04:21:33.542,2,9,0,0,0
10,163,80 04:21:33.542,2,10,0,0,0
11,163,80 04:21:33.542,2,8,0,0,0
1,164,80 04:21:33.542,12,7,0,0,5
2,164,80 04:21:33.542,12,11,0,0,0
3,164,80 04:21:33.542,12,4,0,0,8.333333333333334
4,164,80 04:21:33.542,12,2,0,0,1.6666666666666667
5,164,80 04:21:33.542,12,10,0,0,3.6666666666666665
6,164,80 04:21:33.542,12,8,0,0,0
7,164,80 04:21:33.542,12,15,0,0,0
8,164,80 04:21:33.542,12,5,0,0,0
9,164,80 04:21:33.542,12,3,0,0,0
10,164,80 04:21:33.542,12,9,0,0,0
1,165,80 04:21:33.543,8,3,0,0,8.333333333333334
2,165,80 04:21:33.543,8,15,0,0,5.25
3,165,80 04:21:33.543,8,11,0,0,0.25
4,165,80 04:21:33.543,8,10,0,0,0
5,165,80 04:21:33.543,8,14,0,0,0
6,165,80 04:21:33.543,8,7,0,0,0
7,165,80 04:21:33.543,8,4,0,0,0
8,165,80 04:21:33.543,8,5,0,0,3
9,165,80 04:21:33.543,8,13,0,0,12
10,165,80 04:21:33.543,8,2,0,0,5.333333333333333
11,165,80 04:21:33.543,8,9,0,0,5
12,165,80 04:21:33.543,8,6,0,0,0
13,165,80 04:21:33.543,8,12,0,0,0
1,166,80 04:21:33.544,13,5,0,0,9.333333333333334
2,166,80 04:21:33.544,13,9,0,0,0.6666666666666666
3,166,80 04:21:33.544,13,8,0,0,0
4,166,80 04:21:33.544,13,10,0,0,0
5,166,80 04:21:33.544,13,15,0,0,0
6,166,80 04:21:33.544,13,14,0,0,0
7,166,80 04:21:33.544,13,3,0,0,0
8,166,80 04:21:33.544,13,2,0,0,1
9,166,80 04:21:33.544,13,6,0,0,0.5
10,166,80 04:21:33.544,13,4,0,0,0
11,166,80 04:21:33.544,13,11,0,0,0
12,166,80 04:21:33.544,13,12,0,0,0
1,167,80 04:21:33.544,15,3,0,0,33
2,167,80 04:21:33.544,15,8,0,0,7
3,167,80 04:21:33.544,15,7,0,0,0
4,167,80 04:21:33.544,15,10,0,0,0
5,167,80 04:21:33.544,15,5,0,0,0
6,167,80 04:21:33.544,15,11,0,0,0
7,167,80 04:21:33.544,15,2,0,0,0
8,167,80 04:21:33.544,15,6,0,0,0
1,168,80 04:21:33.545,14,10,0,0,2.5
2,168,80 04:21:33.545,14,6,0,0,1.25
3,168,80 04:21:33.545,14,5,0,0,0
4,168,80 04:21:33.545,14,9,0,0,0.75
5,168,80 04:21:33.545,14,2,0,0,0
6,168,80 04:21:33.545,14,12,0,0,0
7,168,80 04:21:33.545,14,4,0,0,4
8,168,80 04:21:33.545,14,3,0,0,0
9,168,80 04:21:33.545,14,11,0,0,0
10,168,80 04:21:33.545,14,13,0,0,0
11,168,80 04:21:33.545,14,7,0,0,0
12,168,80 04:21:33.545,14,8,0,0,0
1,169,80 04:21:33.545,8,9,0,0,2.6666666666666665
2,169,80 04:21:33.545,8,11,0,0,1.5
3,169,80 04:21:33.545,8,15,0,0,4
4,169,80 04:21:33.545,8,2,0,0,1.3333333333333333
5,169,80 04:21:33.545,8,4,0,0,0
6,169,80 04:21:33.545,8,3,0,0,9.333333333333334
7,169,80 04:21:33.545,8,5,0,0,1.3333333333333333
8,169,80 04:21:33.545,8,12,0,0,0
9,169,80 04:21:33.545,8,10,0,0,2
10,169,80 04:21:33.545,8,14,0,0,0
11,169,80 04:21:33.545,8,7,0,0,0
12,169,80 04:21:33.545,8,13,0,0,8
1,171,80 04:21:33.546,12,7,0,0,6.25
2,171,80 04:21:33.546,12,15,0,0,0.5
3,171,80 04:21:33.546,12,4,0,0,12
4,171,80 04:21:33.546,12,2,0,0,1.5
5,171,80 04:21:33.546,12,11,0,0,0
6,171,80 04:21:33.546,12,3,0,0,0
7,171,80 04:21:33.546,12,5,0,0,0.3333333333333333
8,171,80 04:21:33.546,12,8,0,0,0
9,171,80 04:21:33.546,12,14,0,0,0
10,171,80 04:21:33.546,12,9,0,0,0
11,171,80 04:21:33.546,12,10,0,0,10.5
1,172,80 04:21:33.546,13,2,0,0,0
2,172,80 04:21:33.546,13,6,0,0,2.3333333333333335
3,172,80 04:21:33.546,13,9,0,0,0
4,172,80 04:21:33.546,13,5,0,0,8.666666666666666
5,172,80 04:21:33.546,13,8,0,0,0
6,172,80 04:21:33.546,13,12,0,0,0
7,172,80 04:21:33.546,13,3,0,0,0
8,172,80 04:21:33.546,13,7,0,0,0
9,172,80 04:21:33.546,13,4,0,0,4
10,172,80 04:21:33.546,13,11,0,0,0
11,172,80 04:21:33.546,13,14,0,0,0
12,172,80 04:21:33.546,13,10,0,0,0
13,172,80 04:21:33.546,13,15,0,0,0
1,174,80 04:21:33.547,14,6,0,0,4.25
2,174,80 04:21:33.547,14,9,0,0,0
3,174,80 04:21:33.547,14,10,0,0,3.25
4,174,80 04:21:33.547,14,12,0,0,0
5,174,80 04:21:33.547,14,3,0,0,0
6,174,80 04:21:33.547,14,2,0,0,0
7,174,80 04:21:33.547,14,5,0,0,0
8,174,80 04:21:33.547,14,13,0,0,0
9,174,80 04:21:33.547,14,4,0,0,5.5
10,174,80 04:21:33.547,14,11,0,0,0
11,174,80 04:21:33.547,14,15,0,0,0
1,176,80 04:21:33.547,12,4,0,0,10.75
2,176,80 04:21:33.547,12,2,0,0,3.75
3,176,80 04:21:33.547,12,7,0,0,6.75
4,176,80 04:21:33.547,12,14,0,0,0
5,176,80 04:21:33.547,12,11,0,0,0.3333333333333333
6,176,80 04:21:33.547,12,9,0,0,0
7,176,80 04:21:33.547,12,5,0,0,2.5
8,176,80 04:21:33.547,12,6,0,0,0
9,176,80 04:21:33.547,12,15,0,0,0
10,176,80 04:21:33.547,12,3,0,0,0
11,176,80 04:21:33.547,12,10,0,0,6.666666666666667
12,176,80 04:21:33.547,12,8,0,0,0
1,177,80 04:21:33.549,8,5,0,0,3.75
2,177,80 04:21:33.549,8,9,0,0,5.333333333333333
3,177,80 04:21:33.549,8,3,0,0,5.75
4,177,80 04:21:33.549,8,13,0,0,3.3333333333333335
5,177,80 04:21:33.549,8,2,0,0,0
6,177,80 04:21:33.549,8,10,0,0,0
7,177,80 04:21:33.549,8,7,0,0,0
8,177,80 04:21:33.549,8,15,0,0,0
9,177,80 04:21:33.549,8,11,0,0,0
10,177,80 04:21:33.549,8,12,0,0,0
11,177,80 04:21:33.549,8,4,0,0,0
1,178,80 04:21:33.549,15,11,0,0,11
2,178,80 04:21:33.549,15,8,0,0,1
3,178,80 04:21:33.549,15,7,0,0,0
4,178,80 04:21:33.549,15,3,0,0,0
5,178,80 04:21:33.549,15,5,0,0,0
6,178,80 04:21:33.549,15,13,0,0,0
7,178,80 04:21:33.549,15,4,0,0,0
8,178,80 04:21:33.549,15,2,0,0,0
1,180,80 04:21:33.550,12,4,0,0,9.333333333333334
2,180,80 04:21:33.550,12,7,0,0,15.666666666666666
3,180,80 04:21:33.550,12,2,0,0,2.5
4,180,80 04:21:33.550,12,11,0,0,0
5,180,80 04:21:33.550,12,14,0,0,0
6,180,80 04:21:33.550,12,9,0,0,0
7,180,80 04:21:33.550,12,5,0,0,2
8,180,80 04:21:33.550,12,15,0,0,0
9,180,80 04:21:33.550,12,10,0,0,18
10,180,80 04:21:33.550,12,3,0,0,0
11,180,80 04:21:33.550,12,8,0,0,0
1,182,80 04:21:33.551,8,3,0,0,7
2,182,80 04:21:33.551,8,11,0,0,1.3333333333333333
3,182,80 04:21:33.551,8,13,0,0,1.3333333333333333
4,182,80 04:21:33.551,8,2,0,0,0
5,182,80 04:21:33.551,8,15,0,0,0
6,182,80 04:21:33.551,8,12,0,0,0
7,182,80 04:21:33.551,8,5,0,0,4.5
8,182,80 04:21:33.551,8,10,0,0,0
9,182,80 04:21:33.551,8,4,0,0,0
10,182,80 04:21:33.551,8,7,0,0,0
11,182,80 04:21:33.551,8,9,0,0,9.333333333333334
12,182,80 04:21:33.551,8,6,0,0,0
1,183,80 04:21:33.551,15,11,0,0,10
2,183,80 04:21:33.551,15,8,0,0,0
3,183,80 04:21:33.551,15,3,0,0,0
4,183,80 04:21:33.551,15,7,0,0,0
5,183,80 04:21:33.551,15,5,0,0,0
6,183,80 04:21:33.551,15,4,0,0,0
7,183,80 04:21:33.551,15,2,0,0,0
8,183,80 04:21:33.551,15,14,0,0,0
1,184,80 04:21:33.551,8,5,0,0,5.333333333333333
2,184,80 04:21:33.551,8,13,0,0,0.6666666666666666
3,184,80 04:21:33.551,8,7,0,0,0
4,184,80 04:21:33.551,8,4,0,0,0
5,184,80 04:21:33.551,8,9,0,0,7
6,184,80 04:21:33.551,8,3,0,0,8.25
7,184,80 04:21:33.551,8,15,0,0,0
8,184,80 04:21:33.551,8,11,0,0,0
9,184,80 04:21:33.551,8,2,0,0,0
10,184,80 04:21:33.551,8,12,0,0,0
11,184,80 04:21:33.551,8,6,0,0,0
12,184,80 04:21:33.551,8,10,0,0,0
1,185,80 04:21:33.553,13,9,0,0,12.25
2,185,80 04:21:33.553,13,4,0,0,12
3,185,80 04:21:33.553,13,5,0,0,12
4,185,80 04:21:33.553,13,8,0,0,7.75
5,185,80 04:21:33.553,13,6,0,0,0
6,185,80 04:21:33.553,13,11,0,0,0
7,185,80 04:21:33.553,13,14,0,0,0
8,185,80 04:21:33.553,13,3,0,0,0
9,185,80 04:21:33.553,13,2,0,0,0.6666666666666666
10,185,80 04:21:33.553,13,7,0,0,0
11,185,80 04:21:33.553,13,15,0,0,0
12,185,80 04:21:33.553,13,10,0,0,0
1,186,80 04:21:33.553,12,10,0,0,29
2,186,80 04:21:33.553,12,4,0,0,4
3,186,80 04:21:33.553,12,3,0,0,0
4,186,80 04:21:33.553,12,7,0,0,5.333333333333333
5,186,80 04:21:33.553,12,14,0,0,0
6,186,80 04:21:33.553,12,5,0,0,0
7,186,80 04:21:33.553,12,9,0,0,0
8,186,80 04:21:33.553,12,11,0,0,0
9,186,80 04:21:33.553,12,2,0,0,2.5
10,186,80 04:21:33.553,12,6,0,0,0
11,186,80 04:21:33.553,12,15,0,0,0
12,186,80 04:21:33.553,12,8,0,0,0
1,187,80 04:21:33.554,15,11,0,0,16
2,187,80 04:21:33.554,15,8,0,0,1
3,187,80 04:21:33.554,15,5,0,0,0
4,187,80 04:21:33.554,15,3,0,0,0
5,187,80 04:21:33.554,15,4,0,0,0
6,187,80 04:21:33.554,15,7,0,0,0
7,187,80 04:21:33.554,15,13,0,0,0
8,187,80 04:21:33.554,15,2,0,0,0
1,188,80 04:21:33.554,13,5,0,0,14
2,188,80 04:21:33.554,13,4,0,0,8
3,188,80 04:21:33.554,13,6,0,0,0.25
4,188,80 04:21:33.554,13,8,0,0,0
5,188,80 04:21:33.554,13,11,0,0,0
6,188,80 04:21:33.554,13,9,0,0,9.25
7,188,80 04:21:33.554,13,3,0,0,0
8,188,80 04:21:33.554,13,14,0,0,0
9,188,80 04:21:33.554,13,10,0,0,0
10,188,80 04:21:33.554,13,2,0,0,0
11,188,80 04:21:33.554,13,7,0,0,0
12,188,80 04:21:33.554,13,15,0,0,0
1,190,80 04:21:33.557,8,3,0,0,7.25
2,190,80 04:21:33.557,8,15,0,0,0
3,190,80 04:21:33.557,8,2,0,0,9.5
4,190,80 04:21:33.557,8,4,0,0,0.5
5,190,80 04:21:33.557,8,11,0,0,0
6,190,80 04:21:33.557,8,12,0,0,0
7,190,80 04:21:33.557,8,9,0,0,5
8,190,80 04:21:33.557,8,5,0,0,11.25
9,190,80 04:21:33.557,8,13,0,0,0
10,190,80 04:21:33.557,8,7,0,0,0
11,190,80 04:21:33.557,8,6,0,0,0
12,190,80 04:21:33.557,8,14,0,0,0
1,191,80 04:21:33.557,8,3,0,0,9
2,191,80 04:21:33.557,8,15,0,0,1
3,191,80 04:21:33.557,8,4,0,0,0
4,191,80 04:21:33.557,8,2,0,0,7.75
5,191,80 04:21:33.557,8,9,0,0,5
6,191,80 04:21:33.557,8,12,0,0,0
7,191,80 04:21:33.557,8,5,0,0,11.75
8,191,80 04:21:33.557,8,11,0,0,0
9,191,80 04:21:33.557,8,13,0,0,12
10,191,80 04:21:33.557,8,7,0,0,0.5
11,191,80 04:21:33.557,8,6,0,0,0
1,192,80 04:21:33.558,8,9,0,0,2.75
2,192,80 04:21:33.558,8,3,0,0,8.5
3,192,80 04:21:33.558,8,11,0,0,0
4,192,80 04:21:33.558,8,12,0,0,0
5,192,80 04:21:33.558,8,15,0,0,1
6,192,80 04:21:33.558,8,2,0,0,8
7,192,80 04:21:33.558,8,5,0,0,10.25
8,192,80 04:21:33.558,8,6,0,0,0
9,192,80 04:21:33.558,8,13,0,0,7.5
10,192,80 04:21:33.558,8,7,0,0,0.5
11,192,80 04:21:33.558,8,4,0,0,0
12,192,80 04:21:33.558,8,10,0,0,0
1,193,80 04:21:33.558,15,8,0,0,20
2,193,80 04:21:33.558,15,11,0,0,7
3,193,80 04:21:33.558,15,7,0,0,0
4,193,80 04:21:33.558,15,13,0,0,0
5,193,80 04:21:33.558,15,3,0,0,0
6,193,80 04:21:33.558,15,2,0,0,0
7,193,80 04:21:33.558,15,14,0,0,0
8,193,80 04:21:33.558,15,10,0,0,0
1,196,80 04:21:33.559,8,5,0,0,11.75
2,196,80 04:21:33.559,8,3,0,0,6.25
3,196,80 04:21:33.559,8,9,0,0,4.25
4,196,80 04:21:33.559,8,13,0,0,10
5,196,80 04:21:33.559,8,11,0,0,0
6,196,80 04:21:33.559,8,12,0,0,0
7,196,80 04:21:33.559,8,6,0,0,0
8,196,80 04:21:33.559,8,10,0,0,0
9,196,80 04:21:33.559,8,15,0,0,2.5
10,196,80 04:21:33.559,8,2,0,0,8.666666666666666
11,196,80 04:21:33.559,8,4,0,0,0
12,196,80 04:21:33.559,8,7,0,0,6
1,198,80 04:21:33.559,8,3,0,0,8.75
2,198,80 04:21:33.559,8,15,0,0,0
3,198,80 04:21:33.559,8,2,0,0,8.25
4,198,80 04:21:33.559,8,9,0,0,4
5,198,80 04:21:33.559,8,11,0,0,0
6,198,80 04:21:33.559,8,4,0,0,0
7,198,80 04:21:33.559,8,5,0,0,14.666666666666666
8,198,80 04:21:33.559,8,12,0,0,0
9,198,80 04:21:33.559,8,10,0,0,0
10,198,80 04:21:33.559,8,6,0,0,0
11,198,80 04:21:33.559,8,7,0,0,13
12,198,80 04:21:33.559,8,13,0,0,4.5
1,199,80 04:21:33.560,8,9,0,0,3.25
2,199,80 04:21:33.560,8,3,0,0,6.25
3,199,80 04:21:33.560,8,11,0,0,0
4,199,80 04:21:33.560,8,12,0,0,0
5,199,80 04:21:33.560,8,2,0,0,9
6,199,80 04:21:33.560,8,15,0,0,0
7,199,80 04:21:33.560,8,10,0,0,0
8,199,80 04:21:33.560,8,14,0,0,0
9,199,80 04:21:33.560,8,5,0,0,12
10,199,80 04:21:33.560,8,4,0,0,1
11,199,80 04:21:33.560,8,6,0,0,0
12,199,80 04:21:33.560,8,7,0,0,9
13,199,80 04:21:33.560,8,13,0,0,7
1,200,80 04:21:33.560,2,4,0,0,10.333333333333334
2,200,80 04:21:33.560,2,7,0,0,0
3,200,80 04:21:33.560,2,15,0,0,0
4,200,80 04:21:33.560,2,6,0,0,0
5,200,80 04:21:33.560,2,11,0,0,0
6,200,80 04:21:33.560,2,13,0,0,0
7,200,80 04:21:33.560,2,3,0,0,1.3333333333333333
8,200,80 04:21:33.560,2,8,0,0,16
9,200,80 04:21:33.560,2,10,0,0,4.5
10,200,80 04:21:33.560,2,12,0,0,3.5
11,200,80 04:21:33.560,2,5,0,0,1
12,200,80 04:21:33.560,2,9,0,0,0
1,201,80 04:21:33.561,2,5,0,0,8
2,201,80 04:21:33.561,2,3,0,0,2.6666666666666665
3,201,80 04:21:33.561,2,12,0,0,1.5
4,201,80 04:21:33.561,2,7,0,0,1.5
5,201,80 04:21:33.561,2,10,0,0,1.6666666666666667
6,201,80 04:21:33.561,2,4,0,0,7.666666666666667
7,201,80 04:21:33.561,2,15,0,0,0
8,201,80 04:21:33.561,2,8,0,0,0
9,201,80 04:21:33.561,2,6,0,0,5
10,201,80 04:21:33.561,2,9,0,0,7
11,201,80 04:21:33.561,2,14,0,0,0
12,201,80 04:21:33.561,2,11,0,0,0
1,202,80 04:21:33.562,13,5,0,0,7.75
2,202,80 04:21:33.562,13,4,0,0,2
3,202,80 04:21:33.562,13,6,0,0,0
4,202,80 04:21:33.562,13,8,0,0,0
5,202,80 04:21:33.562,13,10,0,0,0
6,202,80 04:21:33.562,13,9,0,0,4.5
7,202,80 04:21:33.562,13,12,0,0,0
8,202,80 04:21:33.562,13,14,0,0,0
9,202,80 04:21:33.562,13,7,0,0,0
10,202,80 04:21:33.562,13,3,0,0,0
11,202,80 04:21:33.562,13,15,0,0,0
12,202,80 04:21:33.562,13,2,0,0,0
13,202,80 04:21:33.562,13,11,0,0,0
1,203,80 04:21:33.562,9,5,0,0,2
2,203,80 04:21:33.562,9,2,0,0,9
3,203,80 04:21:33.562,9,15,0,0,1
4,203,80 04:21:33.562,9,14,0,0,6
5,203,80 04:21:33.562,9,6,0,0,8
6,203,80 04:21:33.562,9,8,0,0,0
7,203,80 04:21:33.562,9,7,0,0,0
8,203,80 04:21:33.562,9,10,0,0,0
9,203,80 04:21:33.562,9,3,0,0,0
10,203,80 04:21:33.562,9,13,0,0,0
11,203,80 04:21:33.562,9,11,0,0,0
12,203,80 04:21:33.562,9,12,0,0,0
1,204,80 04:21:33.563,13,5,0,0,10.5
2,204,80 04:21:33.563,13,6,0,0,1.5
3,204,80 04:21:33.563,13,9,0,0,3.6666666666666665
4,204,80 04:21:33.563,13,8,0,0,0
5,204,80 04:21:33.563,13,15,0,0,0
6,204,80 04:21:33.563,13,7,0,0,0
7,204,80 04:21:33.563,13,11,0,0,0
8,204,80 04:21:33.563,13,3,0,0,0
9,204,80 04:21:33.563,13,4,0,0,0.6666666666666666
10,204,80 04:21:33.563,13,10,0,0,0
11,204,80 04:21:33.563,13,12,0,0,0
12,204,80 04:21:33.563,13,14,0,0,4
13,204,80 04:21:33.563,13,2,0,0,0
1,205,80 04:21:33.563,9,14,0,0,9
2,205,80 04:21:33.563,9,12,0,0,0
3,205,80 04:21:33.563,9,2,0,0,12.25
4,205,80 04:21:33.563,9,5,0,0,0.25
5,205,80 04:21:33.563,9,7,0,0,0
6,205,80 04:21:33.563,9,15,0,0,3.3333333333333335
7,205,80 04:21:33.563,9,11,0,0,0
8,205,80 04:21:33.563,9,6,0,0,11.5
9,205,80 04:21:33.563,9,8,0,0,8
10,205,80 04:21:33.563,9,13,0,0,0
11,205,80 04:21:33.563,9,3,0,0,0.5
12,205,80 04:21:33.563,9,10,0,0,0
1,206,80 04:21:33.563,2,5,0,0,9.5
2,206,80 04:21:33.563,2,12,0,0,2.5
3,206,80 04:21:33.563,2,3,0,0,2
4,206,80 04:21:33.563,2,7,0,0,0
5,206,80 04:21:33.563,2,10,0,0,0.3333333333333333
6,206,80 04:21:33.563,2,4,0,0,8.333333333333334
7,206,80 04:21:33.563,2,8,0,0,0
8,206,80 04:21:33.563,2,13,0,0,0
9,206,80 04:21:33.563,2,6,0,0,4.5
10,206,80 04:21:33.563,2,14,0,0,0
11,206,80 04:21:33.563,2,9,0,0,0
12,206,80 04:21:33.563,2,11,0,0,0
13,206,80 04:21:33.563,2,15,0,0,0
1,207,80 04:21:33.563,15,4,0,0,5
2,207,80 04:21:33.563,15,8,0,0,14
3,207,80 04:21:33.563,15,5,0,0,0
4,207,80 04:21:33.563,15,7,0,0,0
5,207,80 04:21:33.563,15,3,0,0,4
6,207,80 04:21:33.563,15,2,0,0,0
7,207,80 04:21:33.563,15,11,0,0,2
8,207,80 04:21:33.563,15,9,0,0,0
9,207,80 04:21:33.563,15,13,0,0,0
10,207,80 04:21:33.563,15,6,0,0,0
1,208,80 04:21:33.563,8,2,0,0,11.75
2,208,80 04:21:33.563,8,5,0,0,13.333333333333334
3,208,80 04:21:33.563,8,13,0,0,5
4,208,80 04:21:33.563,8,7,0,0,5.5
5,208,80 04:21:33.563,8,3,0,0,7.25
6,208,80 04:21:33.563,8,10,0,0,0
7,208,80 04:21:33.563,8,12,0,0,0
8,208,80 04:21:33.563,8,9,0,0,2.5
9,208,80 04:21:33.563,8,15,0,0,2
10,208,80 04:21:33.563,8,11,0,0,0
11,208,80 04:21:33.563,8,6,0,0,0
1,210,80 04:21:33.564,12,7,0,0,9.333333333333334
2,210,80 04:21:33.564,12,4,0,0,10.333333333333334
3,210,80 04:21:33.564,12,5,0,0,0
4,210,80 04:21:33.564,12,10,0,0,5
5,210,80 04:21:33.564,12,15,0,0,0
6,210,80 04:21:33.564,12,14,0,0,0
7,210,80 04:21:33.564,12,2,0,0,0
8,210,80 04:21:33.564,12,8,0,0,0
9,210,80 04:21:33.564,12,3,0,0,0
10,210,80 04:21:33.564,12,9,0,0,0
11,210,80 04:21:33.564,12,11,0,0,0
12,210,80 04:21:33.564,12,13,0,0,0
13,210,80 04:21:33.564,12,6,0,0,0
1,211,80 04:21:33.564,2,12,0,0,10.5
2,211,80 04:21:33.564,2,5,0,0,8
3,211,80 04:21:33.564,2,3,0,0,0
4,211,80 04:21:33.564,2,7,0,0,2
5,211,80 04:21:33.564,2,10,0,0,0.6666666666666666
6,211,80 04:21:33.564,2,13,0,0,0
7,211,80 04:21:33.564,2,9,0,0,3
8,211,80 04:21:33.564,2,8,0,0,0
9,211,80 04:21:33.564,2,4,0,0,11.5
10,211,80 04:21:33.564,2,6,0,0,0
11,211,80 04:21:33.564,2,11,0,0,0
12,211,80 04:21:33.564,2,14,0,0,0
1,212,80 04:21:33.564,15,4,0,0,0
2,212,80 04:21:33.564,15,3,0,0,8
3,212,80 04:21:33.564,15,8,0,0,11
4,212,80 04:21:33.564,15,7,0,0,0
5,212,80 04:21:33.564,15,11,0,0,0
6,212,80 04:21:33.564,15,2,0,0,1
7,212,80 04:21:33.564,15,5,0,0,0
8,212,80 04:21:33.564,15,9,0,0,0
9,212,80 04:21:33.564,15,13,0,0,7
10,212,80 04:21:33.564,15,10,0,0,0
11,212,80 04:21:33.564,15,12,0,0,0
1,213,80 04:21:33.564,12,7,0,0,10.666666666666666
2,213,80 04:21:33.564,12,5,0,0,1.6666666666666667
3,213,80 04:21:33.564,12,3,0,0,0
4,213,80 04:21:33.564,12,4,0,0,10.333333333333334
5,213,80 04:21:33.564,12,10,0,0,4
6,213,80 04:21:33.564,12,14,0,0,0
7,213,80 04:21:33.564,12,9,0,0,0
8,213,80 04:21:33.564,12,11,0,0,0
9,213,80 04:21:33.564,12,15,0,0,0
10,213,80 04:21:33.564,12,8,0,0,0
11,213,80 04:21:33.564,12,2,0,0,0
12,213,80 04:21:33.564,12,13,0,0,0
13,213,80 04:21:33.564,12,6,0,0,0
1,214,80 04:21:33.565,14,6,0,0,20
2,214,80 04:21:33.565,14,10,0,0,1
3,214,80 04:21:33.565,14,12,0,0,0
4,214,80 04:21:33.565,14,5,0,0,0
5,214,80 04:21:33.565,14,2,0,0,0
6,214,80 04:21:33.565,14,4,0,0,0
7,214,80 04:21:33.565,14,9,0,0,0
8,214,80 04:21:33.565,14,15,0,0,0
9,214,80 04:21:33.565,14,13,0,0,0
10,214,80 04:21:33.565,14,7,0,0,0
11,214,80 04:21:33.565,14,3,0,0,0
1,215,80 04:21:33.566,13,5,0,0,14.5
2,215,80 04:21:33.566,13,9,0,0,4.75
3,215,80 04:21:33.566,13,4,0,0,0
4,215,80 04:21:33.566,13,7,0,0,0
5,215,80 04:21:33.566,13,6,0,0,2.75
6,215,80 04:21:33.566,13,8,0,0,1
7,215,80 04:21:33.566,13,3,0,0,0
8,215,80 04:21:33.566,13,2,0,0,0
9,215,80 04:21:33.566,13,10,0,0,0
10,215,80 04:21:33.566,13,12,0,0,0
11,215,80 04:21:33.566,13,15,0,0,0
12,215,80 04:21:33.566,13,14,0,0,0
13,215,80 04:21:33.566,13,11,0,0,0
1,216,80 04:21:33.566,14,6,0,0,12.5
2,216,80 04:21:33.566,14,10,0,0,2.6666666666666665
3,216,80 04:21:33.566,14,13,0,0,0
4,216,80 04:21:33.566,14,12,0,0,0
5,216,80 04:21:33.566,14,7,0,0,0
6,216,80 04:21:33.566,14,4,0,0,0
7,216,80 04:21:33.566,14,9,0,0,0
8,216,80 04:21:33.566,14,2,0,0,0
9,216,80 04:21:33.566,14,5,0,0,0
1,217,80 04:21:33.566,13,6,0,0,2.75
2,217,80 04:21:33.566,13,5,0,0,15
3,217,80 04:21:33.566,13,9,0,0,3.25
4,217,80 04:21:33.566,13,8,0,0,2
5,217,80 04:21:33.566,13,3,0,0,0
6,217,80 04:21:33.566,13,10,0,0,0
7,217,80 04:21:33.566,13,12,0,0,0
8,217,80 04:21:33.566,13,2,0,0,0
9,217,80 04:21:33.566,13,4,0,0,0
10,217,80 04:21:33.566,13,14,0,0,2
11,217,80 04:21:33.566,13,11,0,0,0
12,217,80 04:21:33.566,13,7,0,0,0
1,218,80 04:21:33.566,9,6,0,0,6.75
2,218,80 04:21:33.566,9,10,0,0,3
3,218,80 04:21:33.566,9,13,0,0,0
4,218,80 04:21:33.566,9,15,0,0,9
5,218,80 04:21:33.566,9,2,0,0,5.25
6,218,80 04:21:33.566,9,5,0,0,2
7,218,80 04:21:33.566,9,7,0,0,0
8,218,80 04:21:33.566,9,14,0,0,7.333333333333333
9,218,80 04:21:33.566,9,8,0,0,0
10,218,80 04:21:33.566,9,3,0,0,0
11,218,80 04:21:33.566,9,12,0,0,0
12,218,80 04:21:33.566,9,11,0,0,0
1,219,80 04:21:33.567,15,11,0,0,0
2,219,80 04:21:33.567,15,3,0,0,3.5
3,219,80 04:21:33.567,15,8,0,0,0.5
4,219,80 04:21:33.567,15,5,0,0,0
5,219,80 04:21:33.567,15,12,0,0,0
6,219,80 04:21:33.567,15,7,0,0,0
7,219,80 04:21:33.567,15,2,0,0,0
8,219,80 04:21:33.567,15,13,0,0,0
9,219,80 04:21:33.567,15,4,0,0,0
10,219,80 04:21:33.567,15,10,0,0,0
1,220,80 04:21:33.567,13,5,0,0,14
2,220,80 04:21:33.567,13,6,0,0,5
3,220,80 04:21:33.567,13,4,0,0,0
4,220,80 04:21:33.567,13,8,0,0,0
5,220,80 04:21:33.567,13,10,0,0,0
6,220,80 04:21:33.567,13,11,0,0,0
7,220,80 04:21:33.567,13,9,0,0,4
8,220,80 04:21:33.567,13,15,0,0,0
9,220,80 04:21:33.567,13,3,0,0,0
10,220,80 04:21:33.567,13,2,0,0,0
11,220,80 04:21:33.567,13,7,0,0,0
12,220,80 04:21:33.567,13,14,0,0,0
1,221,80 04:21:33.567,9,2,0,0,7.25
2,221,80 04:21:33.567,9,8,0,0,2.5
3,221,80 04:21:33.567,9,3,0,0,0
4,221,80 04:21:33.567,9,6,0,0,5.25
5,221,80 04:21:33.567,9,5,0,0,3.25
6,221,80 04:21:33.567,9,13,0,0,0.75
7,221,80 04:21:33.567,9,11,0,0,0
8,221,80 04:21:33.567,9,12,0,0,0
9,221,80 04:21:33.567,9,14,0,0,9
10,221,80 04:21:33.567,9,10,0,0,0
11,221,80 04:21:33.567,9,15,0,0,10
12,221,80 04:21:33.567,9,7,0,0,0
1,222,80 04:21:33.567,2,12,0,0,4.5
2,222,80 04:21:33.567,2,3,0,0,0.3333333333333333
3,222,80 04:21:33.567,2,7,0,0,8
4,222,80 04:21:33.567,2,5,0,0,2
5,222,80 04:21:33.567,2,9,0,0,6
6,222,80 04:21:33.567,2,13,0,0,0
7,222,80 04:21:33.567,2,4,0,0,5
8,222,80 04:21:33.567,2,8,0,0,0
9,222,80 04:21:33.567,2,6,0,0,0
10,222,80 04:21:33.567,2,10,0,0,0
11,222,80 04:21:33.567,2,11,0,0,0
12,222,80 04:21:33.567,2,14,0,0,0
1,223,80 04:21:33.567,12,4,0,0,4.333333333333333
2,223,80 04:21:33.567,12,7,0,0,4.666666666666667
3,223,80 04:21:33.567,12,10,0,0,1.6666666666666667
4,223,80 04:21:33.567,12,3,0,0,0
5,223,80 04:21:33.567,12,5,0,0,0
6,223,80 04:21:33.567,12,9,0,0,0
7,223,80 04:21:33.567,12,6,0,0,0
8,223,80 04:21:33.567,12,14,0,0,0
9,223,80 04:21:33.567,12,11,0,0,2
10,223,80 04:21:33.567,12,8,0,0,0
11,223,80 04:21:33.567,12,2,0,0,0
12,223,80 04:21:33.567,12,15,0,0,0
1,224,80 04:21:33.567,8,9,0,0,8.666666666666666
2,224,80 04:21:33.567,8,5,0,0,7
3,224,80 04:21:33.567,8,13,0,0,1.5
4,224,80 04:21:33.567,8,3,0,0,11
5,224,80 04:21:33.567,8,2,0,0,7.5
6,224,80 04:21:33.567,8,11,0,0,0
7,224,80 04:21:33.567,8,12,0,0,0
8,224,80 04:21:33.567,8,10,0,0,0
9,224,80 04:21:33.567,8,15,0,0,0
10,224,80 04:21:33.567,8,6,0,0,0
11,224,80 04:21:33.567,8,14,0,0,0
12,224,80 04:21:33.567,8,7,0,0,0
1,225,80 04:21:33.567,2,4,0,0,6
2,225,80 04:21:33.567,2,7,0,0,3.6666666666666665
3,225,80 04:21:33.567,2,11,0,0,0
4,225,80 04:21:33.567,2,10,0,0,0
5,225,80 04:21:33.567,2,6,0,0,0
6,225,80 04:21:33.567,2,3,0,0,1
7,225,80 04:21:33.567,2,5,0,0,2
8,225,80 04:21:33.567,2,14,0,0,0
9,225,80 04:21:33.567,2,9,0,0,3
10,225,80 04:21:33.567,2,12,0,0,5.5
11,225,80 04:21:33.567,2,13,0,0,0
12,225,80 04:21:33.567,2,8,0,0,0
1,226,80 04:21:33.568,13,6,0,0,0.5
2,226,80 04:21:33.568,13,5,0,0,13.25
3,226,80 04:21:33.568,13,2,0,0,0
4,226,80 04:21:33.568,13,11,0,0,0
5,226,80 04:21:33.568,13,8,0,0,1.25
6,226,80 04:21:33.568,13,15,0,0,0
7,226,80 04:21:33.568,13,9,0,0,0.25
8,226,80 04:21:33.568,13,12,0,0,0
9,226,80 04:21:33.568,13,4,0,0,0
10,226,80 04:21:33.568,13,10,0,0,0
11,226,80 04:21:33.568,13,7,0,0,0
12,226,80 04:21:33.568,13,3,0,0,0
13,226,80 04:21:33.568,13,14,0,0,0
1,227,80 04:21:33.568,9,5,0,0,5.25
2,227,80 04:21:33.568,9,14,0,0,14
3,227,80 04:21:33.568,9,12,0,0,0
4,227,80 04:21:33.568,9,6,0,0,6.666666666666667
5,227,80 04:21:33.568,9,2,0,0,9
6,227,80 04:21:33.568,9,13,0,0,0
7,227,80 04:21:33.568,9,11,0,0,0
8,227,80 04:21:33.568,9,8,0,0,0
9,227,80 04:21:33.568,9,10,0,0,10
10,227,80 04:21:33.568,9,15,0,0,4.5
11,227,80 04:21:33.568,9,7,0,0,0
12,227,80 04:21:33.568,9,4,0,0,0
13,227,80 04:21:33.568,9,3,0,0,0
1,228,80 04:21:33.568,15,3,0,0,1
2,228,80 04:21:33.568,15,7,0,0,0
3,228,80 04:21:33.568,15,4,0,0,0
4,228,80 04:21:33.568,15,11,0,0,2
5,228,80 04:21:33.568,15,5,0,0,0
6,228,80 04:21:33.568,15,8,0,0,0
7,228,80 04:21:33.568,15,9,0,0,0
8,228,80 04:21:33.568,15,10,0,0,0
9,228,80 04:21:33.568,15,12,0,0,0
10,228,80 04:21:33.568,15,2,0,0,0
1,229,80 04:21:33.568,7,11,0,0,3.75
2,229,80 04:21:33.568,7,3,0,0,13.75
3,229,80 04:21:33.568,7,15,0,0,0
4,229,80 04:21:33.568,7,5,0,0,0
5,229,80 04:21:33.568,7,8,0,0,1.75
6,229,80 04:21:33.568,7,4,0,0,0
7,229,80 04:21:33.568,7,10,0,0,0
8,229,80 04:21:33.568,7,9,0,0,7
9,229,80 04:21:33.568,7,12,0,0,3.3333333333333335
10,229,80 04:21:33.568,7,2,0,0,0
11,229,80 04:21:33.568,7,6,0,0,0
12,229,80 04:21:33.568,7,13,0,0,0
1,230,80 04:21:33.569,12,4,0,0,0
2,230,80 04:21:33.569,12,10,0,0,0
3,230,80 04:21:33.569,12,3,0,0,0
4,230,80 04:21:33.569,12,5,0,0,0
5,230,80 04:21:33.569,12,7,0,0,7
6,230,80 04:21:33.569,12,9,0,0,0
7,230,80 04:21:33.569,12,6,0,0,0
8,230,80 04:21:33.569,12,11,0,0,0
9,230,80 04:21:33.569,12,15,0,0,0
10,230,80 04:21:33.569,12,14,0,0,0
1,231,80 04:21:33.569,8,5,0,0,4.333333333333333
2,231,80 04:21:33.569,8,3,0,0,12.333333333333334
3,231,80 04:21:33.569,8,13,0,0,1.5
4,231,80 04:21:33.569,8,11,0,0,0.6666666666666666
5,231,80 04:21:33.569,8,2,0,0,5
6,231,80 04:21:33.569,8,9,0,0,1
7,231,80 04:21:33.569,8,12,0,0,0
8,231,80 04:21:33.569,8,10,0,0,0
9,231,80 04:21:33.569,8,15,0,0,0
10,231,80 04:21:33.569,8,6,0,0,0
11,231,80 04:21:33.569,8,14,0,0,0
1,232,80 04:21:33.569,8,3,0,0,9.75
2,232,80 04:21:33.569,8,2,0,0,2.5
3,232,80 04:21:33.569,8,11,0,0,4.75
4,232,80 04:21:33.569,8,5,0,0,3.25
5,232,80 04:21:33.569,8,15,0,0,1
6,232,80 04:21:33.569,8,14,0,0,0
7,232,80 04:21:33.569,8,9,0,0,4.333333333333333
8,232,80 04:21:33.569,8,12,0,0,0
9,232,80 04:21:33.569,8,6,0,0,0
10,232,80 04:21:33.569,8,7,0,0,0
11,232,80 04:21:33.569,8,13,0,0,1.5
12,232,80 04:21:33.569,8,10,0,0,0
1,233,80 04:21:33.569,8,9,0,0,2
2,233,80 04:21:33.569,8,3,0,0,1.6666666666666667
3,233,80 04:21:33.569,8,15,0,0,3.5
4,233,80 04:21:33.569,8,5,0,0,6
5,233,80 04:21:33.569,8,2,0,0,4.666666666666667
6,233,80 04:21:33.569,8,12,0,0,2
7,233,80 04:21:33.569,8,6,0,0,0
8,233,80 04:21:33.569,8,11,0,0,2.3333333333333335
9,233,80 04:21:33.569,8,7,0,0,0
10,233,80 04:21:33.569,8,10,0,0,0
11,233,80 04:21:33.569,8,13,0,0,13
1,234,80 04:21:33.570,9,5,0,0,14.333333333333334
2,234,80 04:21:33.570,9,2,0,0,5.5
3,234,80 04:21:33.570,9,6,0,0,1.5
4,234,80 04:21:33.570,9,3,0,0,0
5,234,80 04:21:33.570,9,13,0,0,0.5
6,234,80 04:21:33.570,9,11,0,0,0
7,234,80 04:21:33.570,9,15,0,0,2.3333333333333335
8,234,80 04:21:33.570,9,12,0,0,0
9,234,80 04:21:33.570,9,14,0,0,5.333333333333333
10,234,80 04:21:33.570,9,8,0,0,0
11,234,80 04:21:33.570,9,10,0,0,1
12,234,80 04:21:33.570,9,7,0,0,0
13,234,80 04:21:33.570,9,4,0,0,0
1,235,80 04:21:33.570,2,7,0,0,1.3333333333333333
2,235,80 04:21:33.570,2,6,0,0,4.25
3,235,80 04:21:33.570,2,12,0,0,0
4,235,80 04:21:33.570,2,5,0,0,4.25
5,235,80 04:21:33.570,2,10,0,0,0
6,235,80 04:21:33.570,2,4,0,0,5
7,235,80 04:21:33.570,2,3,0,0,0
8,235,80 04:21:33.570,2,8,0,0,0
9,235,80 04:21:33.570,2,9,0,0,6
10,235,80 04:21:33.570,2,11,0,0,0.5
11,235,80 04:21:33.570,2,14,0,0,0
12,235,80 04:21:33.570,2,15,0,0,0
1,237,80 04:21:33.570,8,11,0,0,5.5
2,237,80 04:21:33.570,8,5,0,0,3
3,237,80 04:21:33.570,8,2,0,0,2.6666666666666665
4,237,80 04:21:33.570,8,13,0,0,3
5,237,80 04:21:33.570,8,3,0,0,1.6666666666666667
6,237,80 04:21:33.570,8,9,0,0,1.5
7,237,80 04:21:33.570,8,12,0,0,2
8,237,80 04:21:33.570,8,14,0,0,0
9,237,80 04:21:33.570,8,15,0,0,7.5
10,237,80 04:21:33.570,8,6,0,0,0
11,237,80 04:21:33.570,8,7,0,0,0
12,237,80 04:21:33.570,8,10,0,0,0
1,238,80 04:21:33.570,14,6,0,0,4
2,238,80 04:21:33.570,14,13,0,0,0
3,238,80 04:21:33.570,14,9,0,0,0
4,238,80 04:21:33.570,14,12,0,0,0
5,238,80 04:21:33.570,14,10,0,0,0
6,238,80 04:21:33.570,14,5,0,0,0
7,238,80 04:21:33.570,14,2,0,0,0
8,238,80 04:21:33.570,14,7,0,0,0
9,238,80 04:21:33.570,14,4,0,0,0
10,238,80 04:21:33.570,14,3,0,0,0
1,239,80 04:21:33.571,14,6,0,0,4
2,239,80 04:21:33.571,14,10,0,0,2.6666666666666665
3,239,80 04:21:33.571,14,13,0,0,0
4,239,80 04:21:33.571,14,5,0,0,0
5,239,80 04:21:33.571,14,12,0,0,0
6,239,80 04:21:33.571,14,4,0,0,0
7,239,80 04:21:33.571,14,9,0,0,0
8,239,80 04:21:33.571,14,15,0,0,0
9,239,80 04:21:33.571,14,2,0,0,0
10,239,80 04:21:33.571,14,3,0,0,0
11,239,80 04:21:33.571,14,7,0,0,0
1,241,80 04:21:33.571,14,10,0,0,8
2,241,80 04:21:33.571,14,6,0,0,6.5
3,241,80 04:21:33.571,14,13,0,0,0
4,241,80 04:21:33.571,14,12,0,0,0
5,241,80 04:21:33.571,14,4,0,0,0
6,241,80 04:21:33.571,14,7,0,0,0
7,241,80 04:21:33.571,14,2,0,0,0
8,241,80 04:21:33.571,14,5,0,0,0
9,241,80 04:21:33.571,14,9,0,0,0
10,241,80 04:21:33.571,14,3,0,0,0
1,243,80 04:21:33.571,12,4,0,0,9.666666666666666
2,243,80 04:21:33.571,12,7,0,0,11
3,243,80 04:21:33.571,12,3,0,0,0
4,243,80 04:21:33.571,12,10,0,0,4.666666666666667
5,243,80 04:21:33.571,12,11,0,0,0
6,243,80 04:21:33.571,12,15,0,0,0
7,243,80 04:21:33.571,12,9,0,0,0
8,243,80 04:21:33.571,12,5,0,0,0
9,243,80 04:21:33.571,12,6,0,0,0
10,243,80 04:21:33.571,12,2,0,0,0
11,243,80 04:21:33.571,12,14,0,0,0
12,243,80 04:21:33.571,12,8,0,0,0
1,244,80 04:21:33.572,14,6,0,0,4.5
2,244,80 04:21:33.572,14,13,0,0,0
3,244,80 04:21:33.572,14,10,0,0,0
4,244,80 04:21:33.572,14,4,0,0,0
5,244,80 04:21:33.572,14,9,0,0,0
6,244,80 04:21:33.572,14,5,0,0,0
7,244,80 04:21:33.572,14,15,0,0,0
8,244,80 04:21:33.572,14,2,0,0,0
9,244,80 04:21:33.572,14,7,0,0,0
10,244,80 04:21:33.572,14,3,0,0,0
11,244,80 04:21:33.572,14,12,0,0,0
1,245,80 04:21:33.572,14,9,0,0,0.3333333333333333
2,245,80 04:21:33.572,14,10,0,0,0
3,245,80 04:21:33.572,14,13,0,0,0
4,245,80 04:21:33.572,14,4,0,0,0
5,245,80 04:21:33.572,14,7,0,0,0
6,245,80 04:21:33.572,14,3,0,0,0
7,245,80 04:21:33.572,14,12,0,0,0
8,245,80 04:21:33.572,14,2,0,0,0
9,245,80 04:21:33.572,14,6,0,0,1.5
10,245,80 04:21:33.572,14,5,0,0,0
11,245,80 04:21:33.572,14,15,0,0,0
1,246,80 04:21:33.572,15,3,0,0,11
2,246,80 04:21:33.572,15,7,0,0,0
3,246,80 04:21:33.572,15,4,0,0,0
4,246,80 04:21:33.572,15,8,0,0,0
5,246,80 04:21:33.572,15,11,0,0,0
6,246,80 04:21:33.572,15,9,0,0,0
7,246,80 04:21:33.572,15,5,0,0,0
8,246,80 04:21:33.572,15,13,0,0,0
1,247,80 04:21:33.572,15,3,0,0,20
2,247,80 04:21:33.572,15,7,0,0,1
3,247,80 04:21:33.572,15,8,0,0,0
4,247,80 04:21:33.572,15,11,0,0,0
5,247,80 04:21:33.572,15,4,0,0,0
6,247,80 04:21:33.572,15,5,0,0,0
7,247,80 04:21:33.572,15,9,0,0,0
8,247,80 04:21:33.572,15,13,0,0,0
1,249,80 04:21:33.573,13,5,0,0,14.5
2,249,80 04:21:33.573,13,6,0,0,6
3,249,80 04:21:33.573,13,8,0,0,0.3333333333333333
4,249,80 04:21:33.573,13,4,0,0,0
5,249,80 04:21:33.573,13,15,0,0,0
6,249,80 04:21:33.573,13,10,0,0,0
7,249,80 04:21:33.573,13,11,0,0,0
8,249,80 04:21:33.573,13,9,0,0,3.25
9,249,80 04:21:33.573,13,14,0,0,0
10,249,80 04:21:33.573,13,2,0,0,6.666666666666667
11,249,80 04:21:33.573,13,3,0,0,0
12,249,80 04:21:33.573,13,7,0,0,7
1,250,80 04:21:33.573,9,5,0,0,10.666666666666666
2,250,80 04:21:33.573,9,14,0,0,1
3,250,80 04:21:33.573,9,6,0,0,0
4,250,80 04:21:33.573,9,2,0,0,6
5,250,80 04:21:33.573,9,13,0,0,0
6,250,80 04:21:33.573,9,8,0,0,0
7,250,80 04:21:33.573,9,12,0,0,0
8,250,80 04:21:33.573,9,10,0,0,0
9,250,80 04:21:33.573,9,7,0,0,0
10,250,80 04:21:33.573,9,15,0,0,0
11,250,80 04:21:33.573,9,11,0,0,0
12,250,80 04:21:33.573,9,3,0,0,0
13,250,80 04:21:33.573,9,4,0,0,0
1,251,80 04:21:33.573,15,3,0,0,18
2,251,80 04:21:33.573,15,4,0,0,1
3,251,80 04:21:33.573,15,7,0,0,0
4,251,80 04:21:33.573,15,11,0,0,0
5,251,80 04:21:33.573,15,5,0,0,0
6,251,80 04:21:33.573,15,8,0,0,0
7,251,80 04:21:33.573,15,9,0,0,0
8,251,80 04:21:33.573,15,2,0,0,0
1,252,80 04:21:33.573,8,3,0,0,7.333333333333333
2,252,80 04:21:33.573,8,11,0,0,0.25
3,252,80 04:21:33.573,8,9,0,0,2.6666666666666665
4,252,80 04:21:33.573,8,12,0,0,0
5,252,80 04:21:33.573,8,7,0,0,0
6,252,80 04:21:33.573,8,15,0,0,0.3333333333333333
7,252,80 04:21:33.573,8,5,0,0,2.5
8,252,80 04:21:33.573,8,6,0,0,0
9,252,80 04:21:33.573,8,10,0,0,0
10,252,80 04:21:33.573,8,2,0,0,1
11,252,80 04:21:33.573,8,4,0,0,0
12,252,80 04:21:33.573,8,13,0,0,11
1,253,80 04:21:33.574,15,3,0,0,19
2,253,80 04:21:33.574,15,7,0,0,1
3,253,80 04:21:33.574,15,4,0,0,0
4,253,80 04:21:33.574,15,8,0,0,0
5,253,80 04:21:33.574,15,9,0,0,0
6,253,80 04:21:33.574,15,11,0,0,0
7,253,80 04:21:33.574,15,5,0,0,0
8,253,80 04:21:33.574,15,12,0,0,0
1,254,80 04:21:33.574,9,13,0,0,0.3333333333333333
2,254,80 04:21:33.574,9,2,0,0,2.6666666666666665
3,254,80 04:21:33.574,9,7,0,0,0
4,254,80 04:21:33.574,9,14,0,0,5.5
5,254,80 04:21:33.574,9,15,0,0,0
6,254,80 04:21:33.574,9,6,0,0,0
7,254,80 04:21:33.574,9,5,0,0,11
8,254,80 04:21:33.574,9,11,0,0,0
9,254,80 04:21:33.574,9,12,0,0,0
10,254,80 04:21:33.574,9,8,0,0,0
11,254,80 04:21:33.574,9,4,0,0,0
12,254,80 04:21:33.574,9,10,0,0,0
13,254,80 04:21:33.574,9,3,0,0,0
1,256,80 04:21:33.575,8,3,0,0,10.333333333333334
2,256,80 04:21:33.575,8,9,0,0,4
3,256,80 04:21:33.575,8,15,0,0,12
4,256,80 04:21:33.575,8,5,0,0,2.5
5,256,80 04:21:33.575,8,2,0,0,2
6,256,80 04:21:33.575,8,12,0,0,0
7,256,80 04:21:33.575,8,4,0,0,0
8,256,80 04:21:33.575,8,11,0,0,4.75
9,256,80 04:21:33.575,8,13,0,0,2
10,256,80 04:21:33.575,8,14,0,0,0
11,256,80 04:21:33.575,8,10,0,0,0
12,256,80 04:21:33.575,8,6,0,0,0
13,256,80 04:21:33.575,8,7,0,0,0
1,257,80 04:21:33.575,8,3,0,0,6.666666666666667
2,257,80 04:21:33.575,8,9,0,0,6
3,257,80 04:21:33.575,8,11,0,0,0.5
4,257,80 04:21:33.575,8,12,0,0,0
5,257,80 04:21:33.575,8,2,0,0,3.6666666666666665
6,257,80 04:21:33.575,8,15,0,0,0
7,257,80 04:21:33.575,8,5,0,0,7
8,257,80 04:21:33.575,8,7,0,0,0
9,257,80 04:21:33.575,8,13,0,0,0
10,257,80 04:21:33.575,8,10,0,0,0
11,257,80 04:21:33.575,8,4,0,0,0
1,258,80 04:21:33.576,8,3,0,0,8
2,258,80 04:21:33.576,8,15,0,0,10
3,258,80 04:21:33.576,8,11,0,0,5.5
4,258,80 04:21:33.576,8,9,0,0,2.6666666666666665
5,258,80 04:21:33.576,8,12,0,0,0
6,258,80 04:21:33.576,8,7,0,0,0
7,258,80 04:21:33.576,8,2,0,0,3
8,258,80 04:21:33.576,8,5,0,0,5.666666666666667
9,258,80 04:21:33.576,8,4,0,0,0
10,258,80 04:21:33.576,8,13,0,0,0
11,258,80 04:21:33.576,8,14,0,0,0
1,259,80 04:21:33.578,12,7,0,0,9
2,259,80 04:21:33.578,12,10,0,0,4.666666666666667
3,259,80 04:21:33.578,12,4,0,0,6.333333333333333
4,259,80 04:21:33.578,12,5,0,0,0
5,259,80 04:21:33.578,12,14,0,0,0
6,259,80 04:21:33.578,12,11,0,0,0
7,259,80 04:21:33.578,12,15,0,0,0
8,259,80 04:21:33.578,12,3,0,0,0
9,259,80 04:21:33.578,12,8,0,0,0
10,259,80 04:21:33.578,12,6,0,0,0
11,259,80 04:21:33.578,12,2,0,0,0
12,259,80 04:21:33.578,12,13,0,0,0
1,261,80 04:21:33.579,13,5,0,0,14.25
2,261,80 04:21:33.579,13,9,0,0,1.6666666666666667
3,261,80 04:21:33.579,13,14,0,0,0
4,261,80 04:21:33.579,13,2,0,0,0
5,261,80 04:21:33.579,13,7,0,0,0
6,261,80 04:21:33.579,13,11,0,0,0
7,261,80 04:21:33.579,13,10,0,0,0
8,261,80 04:21:33.579,13,4,0,0,0
9,261,80 04:21:33.579,13,6,0,0,2.3333333333333335
10,261,80 04:21:33.579,13,8,0,0,0
11,261,80 04:21:33.579,13,15,0,0,0
12,261,80 04:21:33.579,13,12,0,0,0
13,261,80 04:21:33.579,13,3,0,0,0
1,262,80 04:21:33.579,13,5,0,0,17
2,262,80 04:21:33.579,13,8,0,0,2.5
3,262,80 04:21:33.579,13,6,0,0,1.6666666666666667
4,262,80 04:21:33.579,13,7,0,0,0
5,262,80 04:21:33.579,13,4,0,0,0
6,262,80 04:21:33.579,13,15,0,0,0
7,262,80 04:21:33.579,13,10,0,0,0
8,262,80 04:21:33.579,13,11,0,0,0
9,262,80 04:21:33.579,13,9,0,0,0
10,262,80 04:21:33.579,13,2,0,0,0
11,262,80 04:21:33.579,13,3,0,0,0
12,262,80 04:21:33.579,13,14,0,0,0
1,263,80 04:21:33.579,14,6,0,0,5.5
2,263,80 04:21:33.579,14,10,0,0,0
3,263,80 04:21:33.579,14,2,0,0,0
4,263,80 04:21:33.579,14,5,0,0,0
5,263,80 04:21:33.579,14,4,0,0,0
6,263,80 04:21:33.579,14,13,0,0,4.5
7,263,80 04:21:33.579,14,9,0,0,0
8,263,80 04:21:33.579,14,8,0,0,0
9,263,80 04:21:33.579,14,3,0,0,0
10,263,80 04:21:33.579,14,12,0,0,0
11,263,80 04:21:33.579,14,15,0,0,0
1,265,80 04:21:33.580,7,12,0,0,5.333333333333333
2,265,80 04:21:33.580,7,2,0,0,4
3,265,80 04:21:33.580,7,15,0,0,4
4,265,80 04:21:33.580,7,6,0,0,0
5,265,80 04:21:33.580,7,4,0,0,5.333333333333333
6,265,80 04:21:33.580,7,10,0,0,0
7,265,80 04:21:33.580,7,3,0,0,7.5
8,265,80 04:21:33.580,7,8,0,0,0
9,265,80 04:21:33.580,7,11,0,0,6
10,265,80 04:21:33.580,7,9,0,0,0
11,265,80 04:21:33.580,7,5,0,0,7
12,265,80 04:21:33.580,7,14,0,0,0
1,266,80 04:21:33.580,14,9,0,0,0
2,266,80 04:21:33.580,14,2,0,0,0
3,266,80 04:21:33.580,14,3,0,0,0
4,266,80 04:21:33.580,14,5,0,0,0
5,266,80 04:21:33.580,14,10,0,0,0
6,266,80 04:21:33.580,14,6,0,0,5.666666666666667
7,266,80 04:21:33.580,14,4,0,0,0
8,266,80 04:21:33.580,14,12,0,0,0
9,266,80 04:21:33.580,14,13,0,0,4.5
10,266,80 04:21:33.580,14,15,0,0,0
11,266,80 04:21:33.580,14,7,0,0,0
1,267,80 04:21:33.580,12,7,0,0,15
2,267,80 04:21:33.580,12,5,0,0,0
3,267,80 04:21:33.580,12,10,0,0,3.75
4,267,80 04:21:33.580,12,4,0,0,13.5
5,267,80 04:21:33.580,12,2,0,0,0
6,267,80 04:21:33.580,12,14,0,0,0
7,267,80 04:21:33.580,12,6,0,0,1.25
8,267,80 04:21:33.580,12,3,0,0,0
9,267,80 04:21:33.580,12,11,0,0,0
10,267,80 04:21:33.580,12,9,0,0,0
11,267,80 04:21:33.580,12,8,0,0,0
12,267,80 04:21:33.580,12,13,0,0,0
1,268,80 04:21:33.580,9,5,0,0,13
2,268,80 04:21:33.580,9,13,0,0,0.5
3,268,80 04:21:33.580,9,14,0,0,4.666666666666667
4,268,80 04:21:33.580,9,6,0,0,0.75
5,268,80 04:21:33.580,9,2,0,0,2.5
6,268,80 04:21:33.580,9,3,0,0,0
7,268,80 04:21:33.580,9,7,0,0,0
8,268,80 04:21:33.580,9,8,0,0,0
9,268,80 04:21:33.580,9,11,0,0,0
10,268,80 04:21:33.580,9,15,0,0,0
11,268,80 04:21:33.580,9,10,0,0,0
12,268,80 04:21:33.580,9,4,0,0,0
1,269,80 04:21:33.581,14,9,0,0,0
2,269,80 04:21:33.581,14,3,0,0,0
3,269,80 04:21:33.581,14,2,0,0,0
4,269,80 04:21:33.581,14,12,0,0,0
5,269,80 04:21:33.581,14,5,0,0,0
6,269,80 04:21:33.581,14,4,0,0,0
7,269,80 04:21:33.581,14,10,0,0,0
8,269,80 04:21:33.581,14,8,0,0,0
9,269,80 04:21:33.581,14,6,0,0,3.5
10,269,80 04:21:33.581,14,13,0,0,1
11,269,80 04:21:33.581,14,15,0,0,0
1,270,80 04:21:33.581,7,3,0,0,6.25
2,270,80 04:21:33.581,7,2,0,0,2
3,270,80 04:21:33.581,7,4,0,0,5.333333333333333
4,270,80 04:21:33.581,7,12,0,0,3.6666666666666665
5,270,80 04:21:33.581,7,11,0,0,6.666666666666667
6,270,80 04:21:33.581,7,8,0,0,0
7,270,80 04:21:33.581,7,9,0,0,0
8,270,80 04:21:33.581,7,14,0,0,0
9,270,80 04:21:33.581,7,15,0,0,5
10,270,80 04:21:33.581,7,6,0,0,0
11,270,80 04:21:33.581,7,10,0,0,0
12,270,80 04:21:33.581,7,5,0,0,0
1,271,80 04:21:33.581,8,5,0,0,8.666666666666666
2,271,80 04:21:33.581,8,11,0,0,3.6666666666666665
3,271,80 04:21:33.581,8,9,0,0,2.6666666666666665
4,271,80 04:21:33.581,8,2,0,0,0
5,271,80 04:21:33.581,8,13,0,0,0
6,271,80 04:21:33.581,8,4,0,0,0
7,271,80 04:21:33.581,8,12,0,0,0
8,271,80 04:21:33.581,8,3,0,0,9.666666666666666
9,271,80 04:21:33.581,8,15,0,0,0
10,271,80 04:21:33.581,8,14,0,0,0
11,271,80 04:21:33.581,8,7,0,0,0
1,272,80 04:21:33.581,13,9,0,0,13
2,272,80 04:21:33.581,13,5,0,0,13.25
3,272,80 04:21:33.581,13,2,0,0,0
4,272,80 04:21:33.581,13,6,0,0,1.6666666666666667
5,272,80 04:21:33.581,13,7,0,0,0
6,272,80 04:21:33.581,13,14,0,0,0
7,272,80 04:21:33.581,13,10,0,0,0
8,272,80 04:21:33.581,13,3,0,0,0
9,272,80 04:21:33.581,13,11,0,0,0
10,272,80 04:21:33.581,13,4,0,0,0
11,272,80 04:21:33.581,13,15,0,0,0
12,272,80 04:21:33.581,13,8,0,0,4.5
